epoch,loss,mae,val_loss,val_mae
0,1207.2608642578125,21.036376953125,177.0142364501953,8.244389533996582
1,155.80447387695312,7.819066524505615,138.7157745361328,7.462162494659424
2,123.09346008300781,7.254321098327637,115.21810913085938,7.310179233551025
3,96.15833282470703,6.751795291900635,85.5322036743164,6.560023784637451
4,82.99600982666016,6.5149712562561035,75.02649688720703,6.334742069244385
5,81.64449310302734,6.5677289962768555,69.35150909423828,6.173269271850586
6,79.53120422363281,6.49344539642334,66.31424713134766,6.058204650878906
7,80.51055908203125,6.5428338050842285,64.72818756103516,6.012019157409668
8,76.79762268066406,6.469459533691406,61.7067985534668,5.882998943328857
9,67.00792694091797,6.115638256072998,58.36103057861328,5.772382736206055
10,61.183650970458984,5.92095422744751,55.605430603027344,5.709383964538574
11,59.85136413574219,5.9045538902282715,53.859683990478516,5.649195194244385
12,59.422176361083984,5.919970512390137,52.17229080200195,5.611416816711426
13,56.63658142089844,5.81503963470459,54.33761978149414,5.6628851890563965
14,58.436988830566406,5.888610363006592,48.569583892822266,5.3878173828125
15,50.62587356567383,5.534842014312744,49.971824645996094,5.4586920738220215
16,54.27448654174805,5.745680332183838,50.72254943847656,5.691466331481934
17,47.68174743652344,5.414597034454346,44.605987548828125,5.239511489868164
18,94.23788452148438,7.095330238342285,54.07685089111328,5.551925182342529
19,51.41538619995117,5.561624050140381,45.58466720581055,5.264354705810547
20,45.36007308959961,5.260584831237793,43.9348030090332,5.174504280090332
21,44.272090911865234,5.231787204742432,43.403629302978516,5.209140300750732
22,43.77814865112305,5.217235088348389,42.755096435546875,5.109879016876221
23,41.77439498901367,5.0858588218688965,42.334983825683594,5.1009321212768555
24,41.055015563964844,5.046996116638184,42.348148345947266,5.112367630004883
25,40.9183349609375,5.0489726066589355,44.63794708251953,5.274575233459473
26,40.331172943115234,5.022157669067383,42.45657730102539,5.134234428405762
27,38.866539001464844,4.933474063873291,40.316226959228516,5.0097975730896
28,36.371761322021484,4.777952671051025,39.728309631347656,4.992104530334473
29,31.62401580810547,4.430388927459717,39.57020950317383,4.7846527099609375
30,22.62952995300293,3.4853856563568115,7.220116138458252,1.9363397359848022
31,13.831549644470215,2.3698275089263916,3.783423662185669,1.3891119956970215
32,8.034658432006836,1.8563801050186157,3.9302737712860107,1.4733110666275024
33,8.181921005249023,1.8584705591201782,2.9098591804504395,1.2278852462768555
34,6.719170093536377,1.734787106513977,7.38867712020874,2.0239319801330566
35,6.638883590698242,1.715084195137024,10.685790061950684,2.2660489082336426
36,5.513641834259033,1.5831871032714844,4.219943046569824,1.4370373487472534
37,6.773332118988037,1.7033894062042236,2.306037425994873,1.10427987575531
38,5.549266338348389,1.556808590888977,2.6823127269744873,1.1761953830718994
39,6.103665828704834,1.6321959495544434,8.697587013244629,2.0241429805755615
40,5.417943954467773,1.5346741676330566,2.2776315212249756,1.0920178890228271
41,5.226081848144531,1.5084160566329956,5.105464458465576,1.6732454299926758
42,4.6391072273254395,1.467719554901123,5.057188987731934,1.5511775016784668
43,3.910135507583618,1.3267985582351685,1.9271116256713867,1.011953592300415
44,4.410955429077148,1.4117376804351807,6.414257526397705,1.7371399402618408
45,3.9416491985321045,1.3505525588989258,2.996359348297119,1.2188001871109009
46,5.318435192108154,1.4918766021728516,3.546651601791382,1.3142330646514893
47,3.5523898601531982,1.2917560338974,5.716932773590088,1.6195224523544312
48,4.133824348449707,1.3784688711166382,4.479248523712158,1.4533636569976807
49,3.786151170730591,1.2714316844940186,8.050716400146484,1.8799277544021606
50,5.52980375289917,1.551911473274231,1.8624422550201416,0.9876481890678406
51,3.640381336212158,1.2921836376190186,2.749073028564453,1.1437877416610718
52,3.154423713684082,1.2245560884475708,4.203070163726807,1.4056802988052368
53,2.8969264030456543,1.1508311033248901,7.6292009353637695,1.870806336402893
54,6.046796798706055,1.582703948020935,1.6216344833374023,0.9188298583030701
55,3.0166969299316406,1.1795552968978882,1.52511465549469,0.8852114081382751
56,3.302644968032837,1.2235286235809326,1.577633023262024,0.8900763988494873
57,3.627530813217163,1.251307725906372,2.189032793045044,1.0315507650375366
58,2.9565529823303223,1.1647987365722656,1.5349979400634766,0.879493772983551
59,3.3856914043426514,1.2283527851104736,1.4914041757583618,0.8619874715805054
60,3.0154926776885986,1.16729736328125,1.4887664318084717,0.8604885339736938
61,2.871084451675415,1.1373177766799927,1.3645626306533813,0.83418208360672
62,2.78633975982666,1.1298913955688477,1.3312243223190308,0.8162370324134827
63,2.8721513748168945,1.1371853351593018,1.764355182647705,0.9291101694107056
64,2.2640645503997803,1.0317710638046265,1.3149510622024536,0.8139628171920776
65,2.533294677734375,1.0921189785003662,1.9575828313827515,1.0153645277023315
66,2.3234424591064453,1.0553134679794312,1.648549199104309,0.919541597366333
67,2.469036817550659,1.0849530696868896,1.9298492670059204,1.0109716653823853
68,2.08634090423584,1.010162591934204,1.237984299659729,0.791566014289856
69,1.8858890533447266,0.9605183601379395,1.27700936794281,0.7966341972351074
70,1.847363829612732,0.9480424523353577,1.1746209859848022,0.7692434787750244
71,1.9540605545043945,0.9689083099365234,1.1920719146728516,0.777640163898468
72,2.1518242359161377,1.0166289806365967,2.5559492111206055,1.1687095165252686
73,2.256838798522949,1.0481818914413452,2.42183256149292,1.1392041444778442
74,1.968413233757019,0.9826812744140625,1.8694560527801514,0.9927330017089844
75,1.684800624847412,0.9165447354316711,1.139591097831726,0.7567551136016846
76,1.504870891571045,0.870463490486145,1.0972883701324463,0.7462818026542664
77,1.844754934310913,0.9516309499740601,1.4337189197540283,0.8673915863037109
78,1.6890103816986084,0.9179251790046692,1.7424418926239014,0.9518483281135559
79,1.687150239944458,0.9203047156333923,1.311543345451355,0.8220831155776978
80,1.7724850177764893,0.933603823184967,1.577383041381836,0.9193318486213684
81,2.0800981521606445,1.006853461265564,2.097058057785034,1.05362868309021
82,1.6100051403045654,0.897707998752594,1.0451291799545288,0.7299465537071228
83,2.2695538997650146,1.036616325378418,3.356050491333008,1.341473937034607
84,1.8758829832077026,0.9608379602432251,1.307544231414795,0.8207226991653442
85,1.6504935026168823,0.9047192335128784,2.2318403720855713,1.0931041240692139
86,1.5379602909088135,0.8796718716621399,1.1002553701400757,0.7525596022605896
87,1.6115602254867554,0.8911297917366028,1.7325129508972168,0.9530235528945923
88,1.7809935808181763,0.9391847848892212,2.105259895324707,1.057342529296875
89,2.0979154109954834,1.0135931968688965,2.9678821563720703,1.258957862854004
90,2.1842472553253174,1.037328839302063,2.435331106185913,1.1478278636932373
91,2.09761118888855,1.01567804813385,2.613882064819336,1.195793867111206
92,1.9732203483581543,0.9852319359779358,1.828141689300537,0.9899175763130188
93,1.4748477935791016,0.862650990486145,1.5109609365463257,0.8813023567199707
94,1.4749888181686401,0.8593935370445251,1.9472928047180176,1.0137885808944702
95,1.610504388809204,0.9020674824714661,2.086124897003174,1.0603928565979004
96,1.5653512477874756,0.8853917121887207,2.4631009101867676,1.1822024583816528
97,1.5859313011169434,0.8944460153579712,1.783468246459961,0.9789933562278748
98,1.3874140977859497,0.841431736946106,1.6055042743682861,0.9215646982192993
99,1.340725064277649,0.8229658007621765,1.6593941450119019,0.9364500641822815
100,1.5034115314483643,0.8667252063751221,2.1531941890716553,1.0797051191329956
101,1.5349980592727661,0.8772067427635193,1.8538230657577515,0.9923770427703857
102,1.5615203380584717,0.8861746788024902,2.4544198513031006,1.1583021879196167
103,1.4919724464416504,0.8660348653793335,2.1091325283050537,1.0547858476638794
104,1.542778491973877,0.877234160900116,2.285672426223755,1.1139495372772217
105,1.4122793674468994,0.8458461761474609,1.6156232357025146,0.934646487236023
106,1.3950902223587036,0.8396058678627014,1.081864595413208,0.755066990852356
107,1.6065608263015747,0.8985831141471863,2.0672829151153564,1.0557595491409302
108,1.7039560079574585,0.9285163879394531,2.0712294578552246,1.044796109199524
109,1.5589103698730469,0.8877101540565491,1.5898569822311401,0.9099846482276917
110,1.2931692600250244,0.8136916756629944,1.5225285291671753,0.9023540019989014
111,1.3902792930603027,0.842405378818512,1.034058690071106,0.7286125421524048
112,1.3493168354034424,0.8308889865875244,1.1715106964111328,0.7806379199028015
113,1.2090935707092285,0.7894955277442932,1.1073744297027588,0.7530880570411682
114,1.145917534828186,0.7685734629631042,1.0311354398727417,0.7325191497802734
115,1.1459583044052124,0.7689980864524841,0.8189874291419983,0.6480129957199097
116,1.1256508827209473,0.7607176899909973,0.9084040522575378,0.6822242736816406
117,1.041358470916748,0.7345253825187683,0.8404968976974487,0.6565510034561157
118,1.1214407682418823,0.7579705715179443,1.2795236110687256,0.8228885531425476
119,1.1895025968551636,0.7833870649337769,0.8472052812576294,0.6580601334571838
120,1.2818937301635742,0.8077975511550903,0.9252933859825134,0.6862327456474304
121,1.1024079322814941,0.7560458183288574,1.0388067960739136,0.731962263584137
122,1.2335208654403687,0.7995349168777466,0.9431599378585815,0.6952823400497437
123,1.0959560871124268,0.7530764937400818,1.011245846748352,0.7235608696937561
124,1.149631381034851,0.7719771265983582,1.058777093887329,0.7408118844032288
125,0.999686062335968,0.7225958704948425,0.8847454786300659,0.6738996505737305
126,1.040148138999939,0.7344896197319031,0.8242846131324768,0.6504097580909729
127,1.1256473064422607,0.7595930695533752,1.1875063180923462,0.7861082553863525
128,1.0712919235229492,0.7448359131813049,0.9196070432662964,0.6899690628051758
129,1.0831166505813599,0.7499427199363708,0.972520112991333,0.7109775543212891
130,1.1774271726608276,0.7753045558929443,1.5377986431121826,0.9064759612083435
131,1.0911165475845337,0.7520974278450012,0.8598862886428833,0.6650873422622681
132,1.1014193296432495,0.7549477815628052,0.8635014891624451,0.6663293242454529
133,1.1251477003097534,0.7616509795188904,0.7800273299217224,0.633774995803833
134,1.2273153066635132,0.7856393456459045,1.2960947751998901,0.8298692107200623
135,1.3391938209533691,0.8305149674415588,1.6143022775650024,0.9177097678184509
136,1.0501068830490112,0.7420984506607056,0.8315760493278503,0.6546030044555664
137,1.200419306755066,0.7832834124565125,1.5204817056655884,0.9018162488937378
138,1.156386375427246,0.7735748887062073,1.1243141889572144,0.7685892581939697
139,0.9774904251098633,0.7153324484825134,0.8505597114562988,0.6607252955436707
140,1.3221616744995117,0.8287438750267029,1.1492040157318115,0.776386559009552
141,1.030669927597046,0.7330116033554077,1.0855865478515625,0.7549547553062439
142,1.1196393966674805,0.7605469822883606,1.2287044525146484,0.811293363571167
143,1.1279736757278442,0.7668703198432922,0.902122974395752,0.6812166571617126
144,1.0806585550308228,0.7499041557312012,0.776333749294281,0.6300370097160339
145,1.0493619441986084,0.7382922768592834,0.7588241100311279,0.6239539384841919
146,1.093854308128357,0.7528521418571472,0.7708724737167358,0.6367244720458984
147,1.0588300228118896,0.7424846887588501,0.7495169639587402,0.6201809048652649
148,0.9497360587120056,0.7054819464683533,0.7316606044769287,0.6145822405815125
149,0.991815447807312,0.7187075018882751,0.7321940660476685,0.6133148670196533
150,1.0034879446029663,0.7227960228919983,0.7827749252319336,0.6325119733810425
151,0.9180957078933716,0.6924005150794983,0.7644766569137573,0.6267845034599304
152,0.9070480465888977,0.6886101365089417,0.7664808630943298,0.6289164423942566
153,0.9499983191490173,0.7046524882316589,0.8374114632606506,0.6582130193710327
154,0.9684556722640991,0.7141292691230774,0.8538613319396973,0.6631676554679871
155,0.9706801772117615,0.7122048139572144,0.7732447981834412,0.6331989765167236
156,0.8894503116607666,0.6811724901199341,0.715835690498352,0.6075814962387085
157,0.920279860496521,0.6942093968391418,0.7138521671295166,0.6069477200508118
158,0.9521701335906982,0.704204797744751,0.7293486595153809,0.6132772564888
159,0.8529467582702637,0.6680988073348999,0.7958077788352966,0.6406819224357605
160,0.8406698107719421,0.6633659601211548,0.7472897171974182,0.6277600526809692
161,1.0368083715438843,0.7324110865592957,0.7477037310600281,0.6187038421630859
162,0.8279523253440857,0.6590669751167297,0.7522307634353638,0.6336877346038818
163,0.907389760017395,0.6885586977005005,0.7066081762313843,0.6073004603385925
164,1.0210679769515991,0.7261505722999573,0.7596142292022705,0.6276714205741882
165,0.8618035316467285,0.6737117171287537,0.745169460773468,0.6378175020217896
166,0.9057551622390747,0.69049072265625,0.7105293869972229,0.6135411858558655
167,0.9478542804718018,0.7074185609817505,0.7575883865356445,0.6446170806884766
168,0.9868353605270386,0.7199366092681885,0.7186430096626282,0.6116104125976562
169,1.0087777376174927,0.7277244925498962,0.7175483703613281,0.606636106967926
170,0.8909450173377991,0.6834155321121216,0.6919467449188232,0.5979102253913879
171,0.8897625207901001,0.6839346885681152,0.6959965825080872,0.6022180914878845
172,1.0243672132492065,0.7280787825584412,0.722732663154602,0.6145020723342896
173,0.7959282994270325,0.6477118730545044,0.7017419934272766,0.6060039401054382
174,0.9696961641311646,0.7101120948791504,0.7008930444717407,0.6082634925842285
175,1.0429697036743164,0.7424253821372986,0.7283841371536255,0.6240396499633789
176,0.8560079336166382,0.6730902194976807,0.804686963558197,0.6722674369812012
177,0.796683132648468,0.6470149755477905,0.874858558177948,0.6959266066551208
178,0.8225310444831848,0.6569099426269531,0.6939111948013306,0.604002058506012
179,1.0341652631759644,0.7342503070831299,0.6969138979911804,0.6038671135902405
180,0.8199504017829895,0.654474139213562,0.6922603249549866,0.6019406914710999
181,0.7969224452972412,0.6464053988456726,0.6990054249763489,0.6106297969818115
182,0.8327465653419495,0.661703884601593,0.6922503113746643,0.6061689257621765
183,0.7706115245819092,0.636802077293396,0.691804051399231,0.601424515247345
184,0.8606385588645935,0.6699007749557495,0.7041902542114258,0.6124602556228638
185,0.7704660892486572,0.6356672048568726,0.7305873036384583,0.6221441030502319
186,0.8581795692443848,0.6696059107780457,0.6749988198280334,0.5900394320487976
187,0.7961972951889038,0.6460011005401611,0.7173715829849243,0.6115081310272217
188,0.8783339858055115,0.6786811947822571,0.7343645095825195,0.6303210258483887
189,0.9371743202209473,0.7003316879272461,0.794768214225769,0.6596288681030273
190,1.0578913688659668,0.7414292693138123,0.6775515675544739,0.5923730134963989
191,0.7921863794326782,0.6428666710853577,0.7569039463996887,0.6454610228538513
192,0.8390226364135742,0.6628179550170898,0.7299990057945251,0.6239867806434631
193,0.8052797913551331,0.6506327986717224,0.8062824606895447,0.6534444093704224
194,0.8238378763198853,0.657424807548523,0.7138174772262573,0.6131603717803955
195,0.757652759552002,0.6294094920158386,0.7170450091362,0.6132729053497314
196,0.8245188593864441,0.6557368040084839,0.9253116250038147,0.7157649993896484
197,0.78509521484375,0.6409316658973694,0.665816605091095,0.5867238640785217
198,0.7627230882644653,0.6308932304382324,0.8395763039588928,0.6718437075614929
199,0.754438579082489,0.626257598400116,0.7664015293121338,0.6437105536460876
200,0.8921906352043152,0.6860201358795166,0.7950222492218018,0.6509029865264893
201,0.765772819519043,0.6342201828956604,0.7691459655761719,0.6387357115745544
202,0.8814558386802673,0.6812332272529602,0.8429264426231384,0.6835477948188782
203,0.7619136571884155,0.63265061378479,1.013067364692688,0.7554391026496887
204,0.9492699503898621,0.708471953868866,0.6571946740150452,0.5834734439849854
205,0.8021119832992554,0.645931601524353,0.7104706764221191,0.6143330335617065
206,0.9625017642974854,0.708234965801239,0.7198425531387329,0.6263020634651184
207,0.8263368010520935,0.6594124436378479,0.7135564088821411,0.6240790486335754
208,1.0012199878692627,0.7258520722389221,1.1041151285171509,0.7999396324157715
209,0.8104735016822815,0.6523147225379944,0.9215738773345947,0.7276748418807983
210,1.2201988697052002,0.7961699962615967,0.6492493748664856,0.5750359296798706
211,0.7998169660568237,0.6461659669876099,0.6550323963165283,0.5852693915367126
212,0.8600987195968628,0.6752549409866333,0.8405519127845764,0.6960120797157288
213,0.9271438717842102,0.7031732201576233,0.8554789423942566,0.6902998685836792
214,0.7416666150093079,0.6241481900215149,0.7925133109092712,0.6559484601020813
215,0.7610935568809509,0.6325326561927795,0.7167086005210876,0.624182403087616
216,0.9446925520896912,0.7046844959259033,0.7300874590873718,0.619317889213562
217,0.7413167357444763,0.6210407018661499,0.9118599891662598,0.7207410931587219
218,1.0249944925308228,0.723707377910614,0.7667978405952454,0.646220326423645
219,0.8023033738136292,0.6512660980224609,0.7017366290092468,0.6191691756248474
220,0.8083351254463196,0.6521766781806946,0.9003894925117493,0.7172397375106812
221,0.8448330163955688,0.6657422184944153,0.7677468061447144,0.6496238708496094
222,0.9969629049301147,0.7225321531295776,0.7594980001449585,0.6369159817695618
223,0.7596335411071777,0.6289761066436768,0.7233037948608398,0.619510293006897
224,0.784188449382782,0.6379107236862183,0.7400418519973755,0.6230911612510681
225,0.7460123896598816,0.6229090094566345,0.7377233505249023,0.6255626082420349
226,0.7531334757804871,0.6287491917610168,0.803856372833252,0.661776065826416
227,0.72719407081604,0.6157894730567932,0.7312390208244324,0.6206827163696289
228,0.7587360143661499,0.628736674785614,0.7636826038360596,0.635349452495575
229,0.8236871957778931,0.6522473692893982,0.7885420918464661,0.6511451005935669
230,0.7202364206314087,0.6131399869918823,0.8608963489532471,0.6785997748374939
231,0.7383686900138855,0.6184990406036377,0.817538321018219,0.6639088988304138
232,0.7326188683509827,0.6189896464347839,0.6604059934616089,0.5837475061416626
233,0.7875518798828125,0.6400088667869568,0.7360301613807678,0.6231865882873535
234,0.8122097253799438,0.6514100432395935,1.115066409111023,0.7813470363616943
235,0.7661719918251038,0.634130597114563,1.0884952545166016,0.778086245059967
236,0.7736388444900513,0.6357478499412537,1.1470251083374023,0.8001009821891785
237,0.9608270525932312,0.7104875445365906,0.6342613697052002,0.5700459480285645
238,0.7312108874320984,0.6178309321403503,0.6950986385345459,0.604745090007782
239,0.7826979756355286,0.640719473361969,0.62553471326828,0.5662214159965515
240,0.752448320388794,0.6265095472335815,0.8102973103523254,0.6549587249755859
241,0.7657822966575623,0.6338134407997131,0.8954379558563232,0.7032209038734436
242,0.7077588438987732,0.6081576943397522,0.7815806865692139,0.6520859003067017
243,0.8927198052406311,0.686130940914154,0.9250567555427551,0.7225960493087769
244,1.0575487613677979,0.7379121780395508,1.377878189086914,0.8856962323188782
245,0.8064671754837036,0.6509283185005188,1.077890396118164,0.7749911546707153
246,0.7297446727752686,0.6172816753387451,0.6726519465446472,0.5949827432632446
247,0.8135011792182922,0.6512501239776611,0.8874114155769348,0.694553017616272
248,1.054250955581665,0.7361668348312378,0.6301609873771667,0.5682279467582703
249,0.8070197105407715,0.650796115398407,0.6165640354156494,0.560294508934021
250,1.013878345489502,0.7199609279632568,0.6890507936477661,0.5978906154632568
251,0.9017028212547302,0.6854515671730042,0.7720214128494263,0.6384943127632141
252,0.7825227975845337,0.6407487392425537,0.6187148094177246,0.5631822943687439
253,0.8290793895721436,0.6566906571388245,0.6292927861213684,0.569648265838623
254,0.8888530135154724,0.6796682476997375,0.6362024545669556,0.5759299397468567
255,0.7071577310562134,0.606916606426239,0.6754169464111328,0.5930979251861572
256,0.6968804001808167,0.6029499769210815,0.8054980635643005,0.6592342257499695
257,0.7520245909690857,0.6262894868850708,0.6659303307533264,0.5954939723014832
258,0.8898888826370239,0.6779444813728333,0.826055109500885,0.6691726446151733
259,0.9045501947402954,0.687126636505127,1.1036734580993652,0.7914383411407471
260,0.8093506693840027,0.651993989944458,0.7615471482276917,0.6454852223396301
261,0.686028003692627,0.5985555052757263,0.675191342830658,0.5982911586761475
262,0.6886372566223145,0.5994789004325867,0.9272181987762451,0.7186092734336853
263,0.8249397277832031,0.657295823097229,0.7235838174819946,0.6299736499786377
264,0.8179574012756348,0.6536536812782288,0.7786204814910889,0.6590590476989746
265,1.6673486232757568,0.9213961958885193,0.8151012063026428,0.6572145223617554
266,1.0697730779647827,0.7467055916786194,0.6165896654129028,0.5601938962936401
267,0.7465415000915527,0.6238564848899841,0.6259162425994873,0.5730472803115845
268,0.8007561564445496,0.6479362845420837,0.6171402931213379,0.5614081621170044
269,0.6582089066505432,0.584900438785553,0.7298669219017029,0.6291136145591736
270,0.6950528025627136,0.6020247340202332,0.6243827939033508,0.5684709548950195
271,0.7649146914482117,0.630935788154602,0.6278943419456482,0.5672925710678101
272,0.8031561970710754,0.6444657444953918,0.6090722680091858,0.5567663908004761
273,0.7777389883995056,0.6387835741043091,0.6258993148803711,0.5660711526870728
274,0.751654326915741,0.6284468770027161,0.6117584705352783,0.5574531555175781
275,0.7236684560775757,0.6102150678634644,0.7781718373298645,0.646623432636261
276,0.7287163138389587,0.6155588626861572,0.7326779961585999,0.6233952641487122
277,0.712221622467041,0.6086128354072571,0.89413982629776,0.7007977962493896
278,0.7033023238182068,0.6051028370857239,0.896625816822052,0.7001766562461853
279,0.6977704167366028,0.6023836135864258,0.7313660979270935,0.624470591545105
280,0.6926668286323547,0.6018344759941101,0.7932793498039246,0.6492288708686829
281,0.741240382194519,0.6210243701934814,0.7240156531333923,0.615157425403595
282,0.7750785946846008,0.6378955245018005,0.8137070536613464,0.6614274978637695
283,0.8385918140411377,0.6598600745201111,0.7318127155303955,0.6189528703689575
284,0.8020115494728088,0.6448702216148376,0.6612330079078674,0.5832495093345642
285,0.7445326447486877,0.6246271729469299,0.7421743273735046,0.6252388954162598
286,0.8944696187973022,0.6816955804824829,0.6161444187164307,0.5598642826080322
287,0.87473064661026,0.6737352609634399,0.6043438911437988,0.5560661554336548
288,0.7742239832878113,0.6355973482131958,0.8153825998306274,0.6637064218521118
289,0.689764678478241,0.5979041457176208,0.6768065690994263,0.5941364765167236
290,0.7956363558769226,0.6395958662033081,0.7926803827285767,0.6496700644493103
291,0.777450680732727,0.6360310912132263,0.7715623378753662,0.638533353805542
292,0.8611934781074524,0.6674883961677551,0.6383638381958008,0.5750600099563599
293,0.9210573434829712,0.6932622790336609,0.811520516872406,0.6653030514717102
294,0.8042219877243042,0.6453683376312256,0.6814490556716919,0.5974899530410767
295,0.7427926659584045,0.6204959750175476,0.9158784747123718,0.707105278968811
296,0.7762441635131836,0.6354188919067383,0.8382855653762817,0.6755508184432983
297,0.7768586874008179,0.6394681930541992,0.5978059768676758,0.5520599484443665
298,0.919405460357666,0.6922140717506409,0.6371323466300964,0.5779495239257812
299,0.8217729330062866,0.658979058265686,1.0027052164077759,0.7578286528587341
300,1.135210633277893,0.7674520015716553,0.7094435691833496,0.6095585823059082
301,1.2622461318969727,0.8134464025497437,0.7270421981811523,0.6173462867736816
302,1.2873127460479736,0.8129746913909912,1.1333143711090088,0.8015078902244568
303,1.0822548866271973,0.7567275166511536,0.8849632143974304,0.7030856609344482
304,1.0006093978881836,0.7258683443069458,0.7334926128387451,0.6265881657600403
305,1.0136703252792358,0.7302124500274658,0.8413640260696411,0.6782370805740356
306,0.8753966093063354,0.6828173398971558,0.6301276087760925,0.5669475793838501
307,0.8948035836219788,0.6892060041427612,0.6152698993682861,0.5620954632759094
308,0.8667243123054504,0.6758010387420654,0.6949201822280884,0.6020919680595398
309,0.9017505645751953,0.6929507255554199,0.5859623551368713,0.5444700121879578
310,0.7781365513801575,0.63654625415802,0.6129035353660583,0.5587484836578369
311,0.8738938570022583,0.6738989949226379,0.6896340847015381,0.5976195335388184
312,0.8291407227516174,0.66255784034729,0.5854716897010803,0.5456806421279907
313,0.701239824295044,0.604999840259552,0.5868774652481079,0.5484013557434082
314,0.6658669710159302,0.5890163779258728,0.5932194590568542,0.5525801777839661
315,0.7228330373764038,0.6170939207077026,0.5957445502281189,0.5539169907569885
316,0.6732418537139893,0.592327892780304,0.6387249231338501,0.5862722396850586
317,0.6807444095611572,0.5953738689422607,0.7684222459793091,0.6425443291664124
318,0.7889599204063416,0.6388994455337524,0.6098359823226929,0.5571637153625488
319,0.733108639717102,0.6197600364685059,0.5998408198356628,0.5518000721931458
320,0.70125412940979,0.605309009552002,0.5912324786186218,0.5474130511283875
321,0.7851154804229736,0.6427995562553406,0.6370848417282104,0.5708610415458679
322,0.6971697211265564,0.6049257516860962,0.5792936086654663,0.5421679019927979
323,0.65530925989151,0.5836702585220337,0.6229919791221619,0.5732612609863281
324,0.6788414716720581,0.5946224331855774,0.6943703293800354,0.6072210669517517
325,0.6512390375137329,0.5792506337165833,0.6524455547332764,0.5870906710624695
326,0.9735084772109985,0.7138665914535522,0.8333741426467896,0.6711259484291077
327,0.8063583374023438,0.6534171104431152,0.5791641473770142,0.5410736203193665
328,0.7644053101539612,0.6330501437187195,0.6117289066314697,0.558286190032959
329,0.7183696627616882,0.6122879981994629,0.5791084170341492,0.5426156520843506
330,0.7605843544006348,0.6302059292793274,0.5779324769973755,0.5419631004333496
331,0.7087070941925049,0.6082102060317993,0.6165757775306702,0.5648291707038879
332,0.6424645185470581,0.5747364163398743,0.6899847984313965,0.6051044464111328
333,0.6911481022834778,0.597864031791687,0.582003116607666,0.5446028709411621
334,0.6460893750190735,0.5790654420852661,0.5718157291412354,0.5368934869766235
335,0.6955243945121765,0.6002614498138428,0.7223174571990967,0.622001051902771
336,0.7383793592453003,0.621163547039032,0.5698943734169006,0.5362818241119385
337,0.715569257736206,0.6083681583404541,0.5695016980171204,0.535542368888855
338,0.7179266214370728,0.608418881893158,0.6749762296676636,0.5987638831138611
339,0.8380469679832458,0.6585999131202698,0.7765407562255859,0.6582048535346985
340,0.7068261504173279,0.6068782806396484,0.571274995803833,0.5381860136985779
341,0.8322853446006775,0.6593803763389587,0.5954650044441223,0.5486816167831421
342,0.728235125541687,0.6185064911842346,0.6085790395736694,0.5592005252838135
343,0.6877269744873047,0.5981341600418091,0.5820506811141968,0.5441263318061829
344,0.7866089940071106,0.642484188079834,0.5715013742446899,0.5379023551940918
345,0.7195420265197754,0.6074597835540771,0.6898300051689148,0.6059663891792297
346,0.7007574439048767,0.6051624417304993,0.5836660265922546,0.5493472218513489
347,0.7163881659507751,0.611549437046051,0.5762678384780884,0.5427880883216858
348,0.6568674445152283,0.5826941132545471,0.5694059729576111,0.5366277098655701
349,0.6297115087509155,0.5705737471580505,0.5644770860671997,0.535327672958374
350,0.6780548095703125,0.5935350060462952,0.5873300433158875,0.551802933216095
351,0.6571623086929321,0.5851618051528931,0.5887963771820068,0.5489671230316162
352,0.676439642906189,0.5956873297691345,0.6686346530914307,0.6012958884239197
353,0.6762950420379639,0.5941476821899414,0.7427864670753479,0.6408936977386475
354,0.6810176968574524,0.5962597131729126,0.6452558040618896,0.5822730660438538
355,0.654000997543335,0.5837600231170654,0.601331353187561,0.5546013116836548
356,0.7061216235160828,0.6076623797416687,0.5615769028663635,0.5311977863311768
357,0.7678700685501099,0.6366902589797974,0.5911275744438171,0.5470619797706604
358,0.8306326270103455,0.6597983837127686,0.568558931350708,0.5372818112373352
359,0.6631219387054443,0.5875943303108215,0.6032924652099609,0.5594454407691956
360,0.6446788907051086,0.5778172612190247,0.5627726316452026,0.5335386991500854
361,0.6749768257141113,0.5914930701255798,0.5575286149978638,0.5296286940574646
362,0.7287054061889648,0.6157203316688538,0.5788925290107727,0.541700005531311
363,0.6784478425979614,0.5939733386039734,0.8789874315261841,0.6985229253768921
364,0.7068942189216614,0.6074429750442505,0.7495742440223694,0.6402621865272522
365,0.6976929306983948,0.6027017831802368,0.6946597695350647,0.6074368953704834
366,0.6969414949417114,0.6017928719520569,0.6893124580383301,0.6172879338264465
367,0.6929852962493896,0.6010886430740356,0.7992021441459656,0.6609745025634766
368,0.7399534583091736,0.6217055320739746,0.6284106373786926,0.5760759711265564
369,0.6402891874313354,0.5765343308448792,0.5570995211601257,0.5301063060760498
370,0.7289639711380005,0.617467999458313,0.5947885513305664,0.5594204664230347
371,0.6243962645530701,0.5683280229568481,0.6203737258911133,0.5753186345100403
372,0.6339074969291687,0.5729237198829651,0.6666960120201111,0.5950047969818115
373,0.6485826373100281,0.5815960168838501,0.7949122190475464,0.6664643883705139
374,0.6847631931304932,0.5982089638710022,0.6925233006477356,0.6115843653678894
375,0.6478135585784912,0.5788743495941162,0.6945337653160095,0.6127452850341797
376,0.6614335179328918,0.5868880152702332,0.6308311820030212,0.5726225972175598
377,0.6549944281578064,0.5830553770065308,0.5897379517555237,0.5498302578926086
378,0.6369365453720093,0.5757406949996948,0.6648243069648743,0.5990345478057861
379,0.6572955250740051,0.5843007564544678,0.6358065605163574,0.585307776927948
380,0.6457629203796387,0.5793955326080322,0.5701910853385925,0.5461002588272095
381,0.6434240937232971,0.5767918229103088,0.6914336085319519,0.6162932515144348
382,0.6689489483833313,0.5908145308494568,0.6824443340301514,0.6029508113861084
383,0.6311029195785522,0.5699655413627625,0.6087799072265625,0.5631938576698303
384,0.6110551953315735,0.5591904520988464,0.8975208401679993,0.7125688791275024
385,0.6848461627960205,0.5945994853973389,0.7309319376945496,0.6308516263961792
386,0.6145190596580505,0.5627952814102173,0.757416844367981,0.652180016040802
387,0.6418891549110413,0.5762908458709717,0.5523252487182617,0.532861590385437
388,0.7075137495994568,0.6050313115119934,0.5886961817741394,0.5557505488395691
389,0.6385337114334106,0.5757165551185608,0.5713056325912476,0.5442929863929749
390,0.633521556854248,0.572057843208313,0.7455600500106812,0.6444254517555237
391,0.6833778023719788,0.5952029824256897,0.5962462425231934,0.5558618903160095
392,0.6533039212226868,0.5810481905937195,0.8666357398033142,0.7060520052909851
393,0.6726193428039551,0.5901656150817871,0.845460057258606,0.6912016272544861
394,0.7007752656936646,0.6031935214996338,0.677687406539917,0.6126459240913391
395,0.6786786317825317,0.5937842130661011,0.5571331977844238,0.5333026647567749
396,0.6242392063140869,0.5685638189315796,0.8527282476425171,0.6898342370986938
397,0.7323009967803955,0.6205562949180603,0.6541823744773865,0.5933822393417358
398,0.6217787265777588,0.567414402961731,0.6065362691879272,0.5615735650062561
399,0.6035839319229126,0.5560610294342041,0.5955188274383545,0.5595377683639526
400,0.6059646606445312,0.5579814910888672,0.7560582160949707,0.6456593871116638
401,0.5835570096969604,0.5449376106262207,0.7311975955963135,0.6326116323471069
402,0.6403394937515259,0.5733435750007629,0.6364316344261169,0.5845729112625122
403,0.5997796058654785,0.5543899536132812,0.7220543026924133,0.6234891414642334
404,0.6482018828392029,0.5797755122184753,0.7259567975997925,0.6315346956253052
405,0.6595401167869568,0.5818415880203247,0.6143412590026855,0.5726783275604248
406,0.6167631149291992,0.5648267865180969,0.694337010383606,0.6183626651763916
407,0.6908326148986816,0.600264310836792,0.5392974615097046,0.5218948125839233
408,0.660660982131958,0.5838940739631653,0.5876789689064026,0.5600523352622986
409,0.6402714848518372,0.5768009424209595,0.5461918711662292,0.5255954265594482
410,0.670754611492157,0.5931117534637451,0.5824593901634216,0.5507882237434387
411,0.652106761932373,0.5825196504592896,0.5603958368301392,0.5357697010040283
412,0.5973650813102722,0.5532254576683044,0.6103758811950684,0.5680595636367798
413,0.6116001605987549,0.5632147192955017,0.8650105595588684,0.7034196853637695
414,0.6917724609375,0.598249614238739,0.7227805256843567,0.6345412135124207
415,0.6269433498382568,0.5697547793388367,0.7371554374694824,0.6393687725067139
416,0.6613129377365112,0.585286021232605,0.5376180410385132,0.5234861373901367
417,0.6103598475456238,0.5606575012207031,0.705815315246582,0.6268947124481201
418,0.6452288031578064,0.5780640244483948,0.6172631978988647,0.5700538754463196
419,0.6211629509925842,0.5664193630218506,0.6383407711982727,0.5827548503875732
420,0.5934799313545227,0.5530624985694885,0.6682143211364746,0.6017420291900635
421,0.6321786046028137,0.5735117793083191,0.9130723476409912,0.7205328345298767
422,0.6574294567108154,0.5843080282211304,0.6074344515800476,0.5743041038513184
423,0.6147226691246033,0.5631242990493774,0.674189031124115,0.6084846258163452
424,0.6789645552635193,0.5945373773574829,0.5647130012512207,0.5376125574111938
425,0.6237080693244934,0.5674291253089905,0.625393807888031,0.5823553204536438
426,0.6460708379745483,0.5804073214530945,0.541998028755188,0.5307006239891052
427,0.6292814016342163,0.5665108561515808,0.7255159616470337,0.6323602199554443
428,0.6155996322631836,0.5658433437347412,0.6791910529136658,0.6100836992263794
429,0.6043274402618408,0.5588078498840332,0.6736359000205994,0.6063521504402161
430,0.6222218871116638,0.56685471534729,0.6878511905670166,0.6189702153205872
431,0.5973515510559082,0.553794801235199,0.7836321592330933,0.6660716533660889
432,0.5719380974769592,0.5407190918922424,0.6625699400901794,0.6085879802703857
433,1.9335771799087524,0.9062232375144958,1.8290256261825562,1.0603374242782593
434,1.033276081085205,0.717277467250824,0.9168121218681335,0.730706512928009
435,0.6028779745101929,0.5564104318618774,0.8149440288543701,0.6864640712738037
436,0.5778061747550964,0.546065092086792,0.6794047951698303,0.6112585067749023
437,0.5879231691360474,0.5508818626403809,0.7693015933036804,0.6609210968017578
438,0.5816434025764465,0.547965943813324,0.8227406740188599,0.689384400844574
439,0.5866559743881226,0.5489069223403931,0.8120092749595642,0.6752338409423828
440,0.5965563654899597,0.5546455383300781,0.73348468542099,0.6405113339424133
441,0.6143357157707214,0.5637325048446655,0.7942731380462646,0.673972487449646
442,0.7021999955177307,0.6025699377059937,0.884056806564331,0.7236099243164062
443,0.7027367353439331,0.6043228507041931,0.9449184536933899,0.7355818748474121
444,0.7095867395401001,0.6050843000411987,0.8539634346961975,0.7012191414833069
445,0.6811410188674927,0.5917019248008728,0.8182860612869263,0.687127411365509
446,0.5794364213943481,0.5441591143608093,0.6687067151069641,0.6051878929138184
447,0.5785439610481262,0.5451093316078186,0.677493155002594,0.6144754886627197
448,0.5940169095993042,0.5535579323768616,0.7248345017433167,0.6394050717353821
449,0.6003126502037048,0.5562275648117065,0.6436074376106262,0.5922936797142029
450,0.6374313831329346,0.5750828385353088,0.8543839454650879,0.7012383341789246
451,0.6114420294761658,0.5579385757446289,0.6832141876220703,0.6195242404937744
452,0.6811062097549438,0.5911445021629333,0.912962019443512,0.7316312789916992
453,0.8131527900695801,0.6498854756355286,0.9844751954078674,0.7524996995925903
454,0.8270679712295532,0.6528781652450562,0.976131021976471,0.7557501196861267
455,0.8537563681602478,0.6698122024536133,1.2515218257904053,0.863208532333374
456,0.6392644047737122,0.5750247240066528,0.6623495817184448,0.6022196412086487
457,0.6044313907623291,0.5570279359817505,0.7261003255844116,0.6348804235458374
458,0.5413435697555542,0.5280730128288269,0.6965958476066589,0.6223388910293579
459,0.5454702377319336,0.530795693397522,0.6495198011398315,0.6024091839790344
460,0.5575738549232483,0.5348786115646362,0.9137616753578186,0.7273098230361938
461,0.5867145657539368,0.55074143409729,1.3003064393997192,0.8766054511070251
462,0.5667384266853333,0.5413049459457397,0.6403909921646118,0.590582013130188
463,0.5456638932228088,0.5294701457023621,0.7396799325942993,0.6486839056015015
464,0.5687931776046753,0.539925217628479,0.756097674369812,0.658366322517395
465,0.5446329116821289,0.5284389853477478,0.9156332612037659,0.7321431636810303
466,0.5489095449447632,0.5320611000061035,0.6256750822067261,0.5924022197723389
467,0.5521954894065857,0.533974826335907,0.8245846033096313,0.6949364542961121
468,0.5604981184005737,0.538777768611908,0.9650985598564148,0.745195209980011
469,0.5448586940765381,0.5298765301704407,0.8626253604888916,0.7033070921897888
470,0.6064451336860657,0.5558260083198547,0.6400141716003418,0.5847442746162415
471,0.5778406858444214,0.5467816591262817,0.966949999332428,0.7572187185287476
472,0.6025360226631165,0.5590928196907043,0.6768897771835327,0.6165962815284729
473,0.6272084712982178,0.5642045140266418,0.5533449649810791,0.5545479655265808
474,0.589062511920929,0.5539988875389099,1.221358299255371,0.854179859161377
475,0.5356602668762207,0.5244089961051941,0.7203468680381775,0.6413971781730652
476,0.5581104755401611,0.5379893183708191,0.731438934803009,0.6449643969535828
477,0.5944230556488037,0.5559648275375366,0.789038360118866,0.672001838684082
478,0.6475029587745667,0.5806005597114563,0.8417477607727051,0.7092933058738708
479,0.5625892281532288,0.5400266647338867,0.725409209728241,0.6431617736816406
480,0.5346289873123169,0.52735435962677,0.5362062454223633,0.5407412052154541
481,0.5650027990341187,0.5428183674812317,1.2635328769683838,0.8734731674194336
482,0.5114024877548218,0.5132342576980591,0.6216710209846497,0.5920789837837219
483,0.5049558877944946,0.5143712162971497,0.7487006783485413,0.6530748605728149
484,0.4867556691169739,0.5023961663246155,0.7356199622154236,0.6404415965080261
485,0.4976213872432709,0.5076754689216614,0.6370428204536438,0.5906680226325989
486,0.4844239354133606,0.503619909286499,0.5263880491256714,0.5383458733558655
487,0.5004020929336548,0.5122117400169373,0.46997395157814026,0.4974568784236908
488,0.49658530950546265,0.5086624622344971,0.6953505277633667,0.6254274249076843
489,0.5209495425224304,0.5221177935600281,0.6312248110771179,0.5973809361457825
490,0.5055058002471924,0.5112867951393127,0.5228732228279114,0.5378676056861877
491,0.4440595209598541,0.4800418019294739,0.43687474727630615,0.48849448561668396
492,0.43140503764152527,0.47704923152923584,0.8038532137870789,0.6772308349609375
493,0.47551578283309937,0.49474018812179565,0.48801007866859436,0.5113635063171387
494,0.44715389609336853,0.4870532155036926,0.44290339946746826,0.48334985971450806
495,0.3996656537055969,0.4592188596725464,0.45855653285980225,0.5005780458450317
496,0.40058526396751404,0.4613138735294342,0.4262080490589142,0.4731388986110687
497,0.4025835692882538,0.4600977897644043,0.4421372711658478,0.4849737584590912
498,0.39905720949172974,0.45849496126174927,0.6086054444313049,0.5781612992286682
499,0.39798980951309204,0.4591532349586487,0.39730051159858704,0.4650249481201172
500,0.3761455714702606,0.44748955965042114,0.46475768089294434,0.5119844675064087
501,0.3733446002006531,0.445452481508255,0.3422333598136902,0.43058842420578003
502,0.37962955236434937,0.44780853390693665,0.47654977440834045,0.5124015808105469
503,0.36783167719841003,0.4412950277328491,0.5291011929512024,0.5547745823860168
504,0.39787113666534424,0.45999428629875183,0.3271431028842926,0.43442484736442566
505,0.3779308497905731,0.44921693205833435,0.6108869314193726,0.6035313010215759
506,0.40794438123703003,0.4629644453525543,0.36734533309936523,0.43960633873939514
507,0.3419634997844696,0.42260435223579407,0.45620182156562805,0.49774104356765747
508,0.3545383810997009,0.43199673295021057,0.35626882314682007,0.4415304660797119
509,0.3919225335121155,0.44185948371887207,0.5514652132987976,0.550142765045166
510,0.30700451135635376,0.40446338057518005,0.47907593846321106,0.5254405736923218
511,0.3221737742424011,0.4115305542945862,0.38078880310058594,0.4534079134464264
512,0.33552664518356323,0.42030543088912964,0.4856472611427307,0.524920642375946
513,0.3556423783302307,0.42767420411109924,0.7827109694480896,0.6825213432312012
514,0.31616365909576416,0.4073299169540405,0.487379789352417,0.5059338212013245
515,0.31203845143318176,0.4053932726383209,0.6039496660232544,0.57159423828125
516,0.3390562832355499,0.41857075691223145,0.3663748502731323,0.4379049241542816
517,0.32795533537864685,0.41153502464294434,0.33681294322013855,0.4391769468784332
518,0.3508424460887909,0.42636996507644653,0.6254172325134277,0.6169223189353943
519,0.3382824659347534,0.41596850752830505,0.34999173879623413,0.45327743887901306
520,0.3237784504890442,0.41261231899261475,0.3641793727874756,0.4508221447467804
521,0.2785942256450653,0.3831123113632202,0.3455792963504791,0.431785523891449
522,2.387300968170166,0.9203508496284485,0.3978291451931,0.4386286437511444
523,0.8366469740867615,0.5817363262176514,0.24658991396427155,0.3621736168861389
524,0.295206755399704,0.38798752427101135,0.3216160535812378,0.3989112079143524
525,0.30594998598098755,0.39359816908836365,0.47423961758613586,0.5296272039413452
526,0.337573766708374,0.41082295775413513,0.37778469920158386,0.47877687215805054
527,0.3143194615840912,0.40391719341278076,0.31394240260124207,0.40042150020599365
528,0.2979855239391327,0.3882516324520111,0.40277421474456787,0.4750943183898926
529,0.28762945532798767,0.38372984528541565,0.43973490595817566,0.4965439438819885
530,0.27813777327537537,0.37788739800453186,0.26527532935142517,0.37531453371047974
531,0.2694559693336487,0.3700924217700958,0.2832907438278198,0.3828662633895874
532,0.29052889347076416,0.3808325231075287,0.2920130491256714,0.3920764923095703
533,0.33353328704833984,0.40918439626693726,0.45973652601242065,0.50104159116745
534,0.39430609345436096,0.43947041034698486,0.2592874765396118,0.37496116757392883
535,0.24883818626403809,0.35833245515823364,0.22969692945480347,0.35697290301322937
536,0.25841227173805237,0.36112019419670105,0.36731797456741333,0.4395189881324768
537,0.23311138153076172,0.3449183404445648,0.3538244664669037,0.42325037717819214
538,0.23777705430984497,0.3481929898262024,0.26410070061683655,0.3817334771156311
539,0.27210384607315063,0.36466431617736816,0.3035987615585327,0.42074188590049744
540,0.2677629590034485,0.3656364679336548,0.32186537981033325,0.4267829954624176
541,0.2907571792602539,0.3833698034286499,0.616733729839325,0.6049345135688782
542,0.2618511915206909,0.36499926447868347,0.5078543424606323,0.5210244655609131
543,0.28939980268478394,0.37443408370018005,0.6781731843948364,0.6037159562110901
544,0.2649811804294586,0.3665432631969452,0.3986574709415436,0.47372305393218994
545,0.24850842356681824,0.3546931743621826,0.26855283975601196,0.3942619264125824
546,0.26735132932662964,0.36449822783470154,0.31361061334609985,0.40890997648239136
547,0.2538941502571106,0.3578699827194214,0.43779513239860535,0.503326952457428
548,0.2531021237373352,0.35200467705726624,0.4632503092288971,0.5038939118385315
549,0.24643896520137787,0.3479159474372864,0.4047496020793915,0.48311519622802734
550,0.2365933358669281,0.3392193913459778,0.2876838147640228,0.4134337604045868
551,0.2911452353000641,0.3710109293460846,0.2605000436306,0.3862060308456421
552,0.2712886929512024,0.35396915674209595,0.2365429848432541,0.3716365098953247
553,0.23179568350315094,0.3338404893875122,0.2533804178237915,0.3813598155975342
554,0.24922321736812592,0.34345218539237976,0.30023884773254395,0.41671693325042725
555,0.23229524493217468,0.3366627097129822,0.4130227863788605,0.5030938982963562
556,0.25364312529563904,0.34984707832336426,0.2157132774591446,0.3505210280418396
557,0.25534239411354065,0.3544667959213257,0.3275032043457031,0.4417642652988434
558,0.24364468455314636,0.3362381160259247,0.32416290044784546,0.4177263379096985
559,0.2045315057039261,0.31316789984703064,0.3102147579193115,0.4299692213535309
560,0.22818715870380402,0.334622323513031,0.47093287110328674,0.5132724046707153
561,0.20282965898513794,0.31613975763320923,0.2788745164871216,0.37788277864456177
562,0.21499623358249664,0.32406434416770935,0.3170913755893707,0.42596426606178284
563,0.22127756476402283,0.32724514603614807,0.3213410973548889,0.42610305547714233
564,0.20872290432453156,0.32075387239456177,0.22249558568000793,0.35981225967407227
565,0.22725912928581238,0.33148980140686035,0.3416263461112976,0.43812841176986694
566,0.24362753331661224,0.33810508251190186,0.20046928524971008,0.3292766213417053
567,0.24696969985961914,0.33854275941848755,0.18322832882404327,0.3137650191783905
568,0.2579960823059082,0.3441408574581146,0.2680884897708893,0.3712337613105774
569,0.21263301372528076,0.32377544045448303,0.3001015782356262,0.3896428644657135
570,0.22785648703575134,0.3276456296443939,0.35494154691696167,0.44733935594558716
571,0.21651293337345123,0.32139062881469727,0.2545437216758728,0.3933791220188141
572,0.22353507578372955,0.32555845379829407,0.18879249691963196,0.2969694137573242
573,0.2287486046552658,0.32845252752304077,0.35150638222694397,0.4601684808731079
574,0.22149324417114258,0.3214638829231262,0.3572452962398529,0.44795456528663635
575,0.217672660946846,0.3207376301288605,0.6076024770736694,0.6003507971763611
576,0.17159977555274963,0.2871992290019989,0.27020466327667236,0.38462790846824646
577,0.23046079277992249,0.32834962010383606,0.7179370522499084,0.6478508710861206
578,0.19179797172546387,0.30015239119529724,0.19236783683300018,0.3288179337978363
579,0.300650030374527,0.3630063533782959,0.2571433484554291,0.3471962511539459
580,0.29495301842689514,0.35417208075523376,0.3001558184623718,0.42412084341049194
581,0.2167038768529892,0.3139687180519104,0.3787132799625397,0.47065067291259766
582,0.24832236766815186,0.33608049154281616,0.1864767223596573,0.3277950882911682
583,0.2512585520744324,0.3395354151725769,0.6442400217056274,0.576107919216156
584,0.2374192178249359,0.32662472128868103,0.3220009207725525,0.43290984630584717
585,0.25277918577194214,0.3350992798805237,0.4414324462413788,0.4920313060283661
586,0.2448803186416626,0.3309451937675476,0.3247593343257904,0.3944985568523407
587,0.22993198037147522,0.3196476697921753,0.40239375829696655,0.47314441204071045
588,0.21157224476337433,0.3104993999004364,0.20583517849445343,0.32094183564186096
589,0.2516865134239197,0.33447209000587463,0.4017980098724365,0.4764019548892975
590,0.24600651860237122,0.3354530930519104,0.3306749761104584,0.452316552400589
591,0.24705669283866882,0.3426123559474945,0.6156284809112549,0.5840761065483093
592,0.20268766582012177,0.3054700791835785,0.37456220388412476,0.44712501764297485
593,0.21012747287750244,0.3088245391845703,0.3970041573047638,0.4821684956550598
594,0.20109838247299194,0.30492350459098816,0.3018507659435272,0.41393327713012695
595,0.22555749118328094,0.3133680820465088,0.4928411543369293,0.515883207321167
596,0.2249421924352646,0.31744810938835144,0.4318336248397827,0.48257777094841003
597,0.21073703467845917,0.3082352876663208,0.23900273442268372,0.3657272160053253
598,0.195384219288826,0.29821768403053284,0.29579687118530273,0.4008549749851227
599,0.22295820713043213,0.3153684437274933,0.3912391662597656,0.4568069279193878
600,0.23954841494560242,0.32108208537101746,0.4994491934776306,0.520636796951294
601,0.27301424741744995,0.33785468339920044,0.2585792541503906,0.3668075203895569
602,0.23617231845855713,0.32089170813560486,0.4323837459087372,0.4822019636631012
603,0.25620508193969727,0.33373329043388367,0.2794382870197296,0.3653395473957062
604,0.26993808150291443,0.34399673342704773,0.5510971546173096,0.5634827017784119
605,0.25369855761528015,0.3344295024871826,0.4098096489906311,0.5019596815109253
606,0.20716460049152374,0.3091421127319336,0.2688692510128021,0.3921850323677063
607,0.2102939933538437,0.3088248670101166,0.33442431688308716,0.45093268156051636
608,0.29371538758277893,0.35802438855171204,0.5206006169319153,0.5603482723236084
609,0.3022713363170624,0.3620060980319977,0.3147387206554413,0.4275430142879486
610,0.23970119655132294,0.3286237418651581,0.286131888628006,0.3981865644454956
611,0.2773946225643158,0.35089626908302307,0.36634737253189087,0.45965564250946045
612,0.2594228684902191,0.34342262148857117,0.17315825819969177,0.3105551600456238
613,0.2421104460954666,0.33264681696891785,0.22233685851097107,0.3459091782569885
614,0.2384461909532547,0.32684653997421265,0.35452237725257874,0.43573081493377686
615,0.19680196046829224,0.2997131943702698,0.32270175218582153,0.4050188660621643
616,0.2192232459783554,0.31399330496788025,0.2406279593706131,0.3705238401889801
617,0.246429905295372,0.33682239055633545,0.5986265540122986,0.5875535011291504
618,0.21138298511505127,0.30964750051498413,0.4599458575248718,0.5295417904853821
619,0.21978917717933655,0.3152609169483185,0.4294142723083496,0.489625483751297
620,0.2352137267589569,0.32347437739372253,0.2766259014606476,0.4013165235519409
621,0.295963317155838,0.36111998558044434,0.442966490983963,0.501727283000946
622,0.3350323736667633,0.3719853162765503,0.17278800904750824,0.30019184947013855
623,0.21730512380599976,0.3104359209537506,0.17776410281658173,0.3152363896369934
624,0.26188671588897705,0.3384206295013428,0.4638020992279053,0.49461424350738525
625,0.24635712802410126,0.32418084144592285,0.2842007577419281,0.3918127715587616
626,0.21183672547340393,0.30438223481178284,0.34289243817329407,0.430780291557312
627,0.2339581549167633,0.3193724453449249,0.47865262627601624,0.5157049298286438
628,0.21068058907985687,0.3058966100215912,0.1819438636302948,0.316853791475296
629,0.23950164020061493,0.31935572624206543,0.3114839196205139,0.3870604634284973
630,0.23012465238571167,0.31420382857322693,0.20336060225963593,0.31920528411865234
631,0.20231406390666962,0.2962456941604614,0.21796497702598572,0.3519251048564911
632,0.23279817402362823,0.3168387711048126,0.28305143117904663,0.4021703898906708
633,0.21507996320724487,0.30570346117019653,0.3129997253417969,0.42781710624694824
634,0.21498042345046997,0.30670955777168274,0.2617689371109009,0.38622474670410156
635,0.23288220167160034,0.31557220220565796,0.3281537592411041,0.435990571975708
636,0.21579201519489288,0.3111812174320221,0.24135802686214447,0.3767048120498657
637,0.19718427956104279,0.29587146639823914,0.33908599615097046,0.4357184171676636
638,0.21450014412403107,0.31047242879867554,0.22010673582553864,0.35980674624443054
639,0.25764891505241394,0.33745989203453064,0.2566072642803192,0.3759913444519043
640,0.21174347400665283,0.30422407388687134,0.22726917266845703,0.34891313314437866
641,0.20478332042694092,0.30122098326683044,0.23910926282405853,0.3706938624382019
642,0.1878531575202942,0.2888018488883972,0.18875755369663239,0.32046952843666077
643,0.2000664621591568,0.2978505492210388,0.29963165521621704,0.4106965959072113
644,0.18711546063423157,0.2890830934047699,0.17412468791007996,0.31304603815078735
645,0.21687738597393036,0.3093114495277405,0.21999703347682953,0.36050260066986084
646,0.1889026165008545,0.28951460123062134,0.294686883687973,0.3921866714954376
647,0.183241069316864,0.28248605132102966,0.3379780054092407,0.4217941462993622
648,0.17532171308994293,0.2790866196155548,0.25383633375167847,0.3713465929031372
649,0.1820567548274994,0.28998517990112305,0.3863045871257782,0.4595560133457184
650,0.2054077386856079,0.3001920282840729,0.3747650384902954,0.4533100724220276
651,0.17671991884708405,0.2860183119773865,0.21205256879329681,0.3353869318962097
652,0.20291559398174286,0.3052106201648712,0.35599830746650696,0.4192841947078705
653,0.20526352524757385,0.30723148584365845,0.36929208040237427,0.4338018298149109
654,0.22296467423439026,0.31767722964286804,0.3610377013683319,0.4431203603744507
655,0.1883014738559723,0.29178011417388916,0.29592931270599365,0.3862937092781067
656,0.17141394317150116,0.28089991211891174,0.23884154856204987,0.3266122043132782
657,0.2038801908493042,0.30122315883636475,0.24101907014846802,0.3188897967338562
658,0.17752918601036072,0.28066208958625793,0.3710194230079651,0.44244834780693054
659,0.18945477902889252,0.29526787996292114,0.530979335308075,0.5548058748245239
660,0.209066241979599,0.30713480710983276,0.40589573979377747,0.47846218943595886
661,0.19561368227005005,0.29769134521484375,0.37842148542404175,0.4646092653274536
662,0.18818433582782745,0.2843332588672638,0.22572870552539825,0.34579387307167053
663,0.2406974583864212,0.3203662037849426,0.20532342791557312,0.32599881291389465
664,0.24715012311935425,0.32457926869392395,0.25043174624443054,0.37306275963783264
665,0.24782396852970123,0.3207192122936249,0.2287343442440033,0.32249289751052856
666,0.2832806706428528,0.3435746729373932,0.17366278171539307,0.3153402507305145
667,0.2765502333641052,0.34222176671028137,0.15831643342971802,0.2901572585105896
668,0.2340250015258789,0.3166205883026123,0.25899916887283325,0.3829615116119385
669,0.23833225667476654,0.3215523064136505,0.19157251715660095,0.3228001296520233
670,0.20585210621356964,0.29518774151802063,0.25955212116241455,0.39099761843681335
671,0.2028261125087738,0.29850685596466064,0.2794237434864044,0.401540607213974
672,0.21257121860980988,0.3018525242805481,0.22789034247398376,0.3600786030292511
673,0.1886444389820099,0.2861846685409546,0.4194944202899933,0.4616488814353943
674,0.16639870405197144,0.270600289106369,0.24972890317440033,0.38169246912002563
675,0.17649614810943604,0.2862565517425537,0.27713045477867126,0.3510099947452545
676,0.19108544290065765,0.2860005497932434,0.4153902530670166,0.5111088752746582
677,0.18932466208934784,0.2976025938987732,0.33766189217567444,0.42391782999038696
678,0.18393264710903168,0.28610968589782715,0.2797701358795166,0.39477771520614624
679,0.17795564234256744,0.2792482376098633,0.36152705550193787,0.4379390776157379
680,0.1842542141675949,0.28744855523109436,0.4042113721370697,0.4952022433280945
681,0.21242976188659668,0.3071955442428589,0.38369759917259216,0.48227715492248535
682,0.20229500532150269,0.2996721863746643,0.33958399295806885,0.43062129616737366
683,0.2146003395318985,0.3135021924972534,0.2683829367160797,0.3970717489719391
684,0.19598715007305145,0.29681631922721863,0.2683432400226593,0.3813026547431946
685,0.20324191451072693,0.3012509346008301,0.5375612378120422,0.5495395660400391
686,0.20816858112812042,0.3018181025981903,0.39562004804611206,0.440476655960083
687,0.2130076140165329,0.30313539505004883,0.3541516661643982,0.410055011510849
688,0.21215499937534332,0.3049543797969818,0.48253878951072693,0.4878798723220825
689,0.20349961519241333,0.297984778881073,0.38117486238479614,0.4444926083087921
690,0.20925024151802063,0.30213961005210876,0.4264490008354187,0.4693596065044403
691,0.20940259099006653,0.3028584420681,0.25143247842788696,0.36319923400878906
692,0.17932531237602234,0.28447994589805603,0.41998982429504395,0.4713500142097473
693,0.19979490339756012,0.29980069398880005,0.4730207324028015,0.5023522973060608
694,0.19430725276470184,0.29781562089920044,0.2952026128768921,0.3961782157421112
695,0.1988811045885086,0.29455652832984924,0.28067100048065186,0.39926663041114807
696,0.30260223150253296,0.3594013452529907,0.1534748673439026,0.2911584973335266
697,0.29308658838272095,0.34527823328971863,0.14431072771549225,0.2683127820491791
698,0.2968861758708954,0.3481614887714386,0.17149750888347626,0.31343114376068115
699,0.23595300316810608,0.3184736967086792,0.1714615374803543,0.28713399171829224
700,0.22229045629501343,0.3027033805847168,0.22851787507534027,0.3249775171279907
701,0.1828954517841339,0.28071022033691406,0.17646250128746033,0.2834826111793518
702,0.2062317579984665,0.29979556798934937,0.23671893775463104,0.34698501229286194
703,0.16486872732639313,0.268639475107193,0.20440208911895752,0.2950615882873535
704,0.17571483552455902,0.2778150141239166,0.18778958916664124,0.27937260270118713
705,0.18140631914138794,0.2782226502895355,0.11964491754770279,0.225124791264534
706,0.21401196718215942,0.2987528443336487,0.3189523220062256,0.3793373703956604
707,0.20026779174804688,0.29156652092933655,0.2575722634792328,0.33166104555130005
708,0.17958244681358337,0.27938568592071533,0.11748740822076797,0.22025150060653687
709,0.19728274643421173,0.285521537065506,0.3801742494106293,0.4361323416233063
710,0.18301908671855927,0.28009864687919617,0.4393496811389923,0.44839754700660706
711,0.195705384016037,0.2869291603565216,0.27163150906562805,0.3602423071861267
712,0.1528085619211197,0.25726553797721863,0.2204447090625763,0.30961617827415466
713,0.1539495587348938,0.261575311422348,0.19965292513370514,0.31216052174568176
714,0.16508810222148895,0.27195999026298523,0.2794080972671509,0.38658589124679565
715,0.16254131495952606,0.2688642144203186,0.33678004145622253,0.4428931176662445
716,0.18328788876533508,0.2852790951728821,0.45557934045791626,0.5097617506980896
717,0.16381072998046875,0.27069684863090515,0.3580043315887451,0.45271730422973633
718,0.18297134339809418,0.2848009765148163,0.36229032278060913,0.4526750147342682
719,0.21044738590717316,0.30378803610801697,0.4978286325931549,0.5359601378440857
720,0.23253603279590607,0.320602148771286,0.2926912009716034,0.42944225668907166
721,0.2504922151565552,0.32772716879844666,0.2027577906847,0.3128662109375
722,0.24871359765529633,0.32142865657806396,0.21975775063037872,0.355851411819458
723,0.2604372799396515,0.32747218012809753,0.21010230481624603,0.34884920716285706
724,0.19678948819637299,0.29267945885658264,0.20549294352531433,0.31996408104896545
725,0.19354428350925446,0.2904294431209564,0.22392168641090393,0.3275109529495239
726,0.20917001366615295,0.301990270614624,0.2976604104042053,0.3857187032699585
727,0.1869901567697525,0.28733983635902405,0.29355865716934204,0.3884848654270172
728,0.20009581744670868,0.2966732084751129,0.16436374187469482,0.2823305130004883
729,0.22399404644966125,0.3101752996444702,0.27321553230285645,0.3546494245529175
730,0.22979828715324402,0.31165623664855957,0.2136552482843399,0.2910411059856415
731,0.2385224550962448,0.3162693977355957,0.19400060176849365,0.27966025471687317
732,0.2637282609939575,0.3280830681324005,0.22695372998714447,0.3248233199119568
733,0.2278502881526947,0.3148093521595001,0.22003979980945587,0.31826674938201904
734,0.2243921160697937,0.3096214234828949,0.2784368395805359,0.3624080717563629
735,0.22726626694202423,0.312298059463501,0.2051958590745926,0.33919093012809753
736,0.24359053373336792,0.31901562213897705,0.20655931532382965,0.3160783350467682
737,0.28402194380760193,0.33845680952072144,0.18175800144672394,0.28779587149620056
738,0.27059033513069153,0.3356284201145172,0.27565962076187134,0.34926363825798035
739,0.3661220073699951,0.38427039980888367,0.41818270087242126,0.4485357105731964
740,0.3251151442527771,0.3629811108112335,0.2628020644187927,0.3250546455383301
741,0.3509474992752075,0.37257128953933716,0.2826555073261261,0.36723262071609497
742,0.34733846783638,0.3764544725418091,0.40524402260780334,0.46207568049430847
743,0.37900152802467346,0.3948007822036743,0.3876643478870392,0.48456016182899475
744,0.24498166143894196,0.327464759349823,0.2899864912033081,0.38474035263061523
745,0.20576655864715576,0.2937760353088379,0.3209356665611267,0.3802207112312317
746,0.18975499272346497,0.28411558270454407,0.25719550251960754,0.3485773801803589
747,0.2045137584209442,0.2983373701572418,0.2540414035320282,0.3454016149044037
748,0.2226380556821823,0.3078538179397583,0.18017110228538513,0.2704825699329376
749,0.2618127167224884,0.328422874212265,0.18140193819999695,0.28411102294921875
750,0.3338475227355957,0.3690316379070282,0.3324323296546936,0.3870246708393097
751,0.29254841804504395,0.35302311182022095,0.4631984829902649,0.47852474451065063
752,0.29209449887275696,0.3543020486831665,0.6309933662414551,0.5885393619537354
753,0.44227978587150574,0.434498131275177,0.5168571472167969,0.5470438003540039
754,0.36241254210472107,0.39468100666999817,0.4383021891117096,0.49887219071388245
755,0.3158392608165741,0.3723798990249634,0.3059297502040863,0.40375351905822754
756,0.271218866109848,0.3442370891571045,0.3397308588027954,0.43626222014427185
757,0.2575552761554718,0.3382072150707245,0.30126702785491943,0.39112958312034607
758,0.239615336060524,0.3221069872379303,0.31357502937316895,0.38905441761016846
759,0.31103846430778503,0.3582700788974762,0.39569559693336487,0.43749111890792847
760,0.4326942265033722,0.4259141683578491,0.43670499324798584,0.46886345744132996
761,0.37866806983947754,0.4012577533721924,0.3754625916481018,0.4083485007286072
762,0.3641802668571472,0.3931392729282379,0.3741016983985901,0.43188250064849854
763,0.3424462378025055,0.38176754117012024,0.4362800419330597,0.4627114534378052
764,0.2921750843524933,0.3503638505935669,0.36099132895469666,0.39381012320518494
765,0.28552618622779846,0.34527742862701416,0.3400086462497711,0.37842634320259094
766,0.3305507302284241,0.36730653047561646,0.41313084959983826,0.4481833279132843
767,0.5162844061851501,0.4584525525569916,0.15721997618675232,0.2816929817199707
768,0.4487209916114807,0.4287576675415039,0.20175564289093018,0.34676027297973633
769,0.43707743287086487,0.4278428852558136,0.28668317198753357,0.3975939154624939
770,0.4220789968967438,0.4179750978946686,0.3255874216556549,0.4369318187236786
771,0.35684940218925476,0.3880497217178345,0.2764532268047333,0.41089504957199097
772,0.34404605627059937,0.3857623338699341,0.18595300614833832,0.3252946734428406
773,0.33318716287612915,0.3745552599430084,0.3042883574962616,0.42612048983573914
774,0.2931114137172699,0.34971657395362854,0.1293286383152008,0.26050254702568054
775,0.261067271232605,0.332209974527359,0.1435588151216507,0.2641185224056244
776,0.2844962477684021,0.3465006649494171,0.17856931686401367,0.29205724596977234
777,0.2873772084712982,0.35094764828681946,0.24285875260829926,0.33928558230400085
778,0.28424423933029175,0.35009822249412537,0.1433325856924057,0.25717195868492126
779,0.28320205211639404,0.3438664972782135,0.11043001711368561,0.22464780509471893
780,0.25948718190193176,0.329630583524704,0.171410471200943,0.28368592262268066
781,0.24461333453655243,0.3222120702266693,0.29448944330215454,0.36803102493286133
782,0.27428701519966125,0.3458970785140991,0.20787225663661957,0.3091576397418976
783,0.2562459707260132,0.332955539226532,0.1357239931821823,0.2439883053302765
784,0.2294132113456726,0.3141552209854126,0.10426202416419983,0.21264159679412842
785,0.23514072597026825,0.31816768646240234,0.20378199219703674,0.30905401706695557
786,0.24221055209636688,0.327210009098053,0.21222086250782013,0.3282308280467987
787,0.2126399427652359,0.3096156418323517,0.17488855123519897,0.303993821144104
788,0.18463213741779327,0.28808924555778503,0.19005292654037476,0.31910350918769836
789,0.19600802659988403,0.2945997416973114,0.21653321385383606,0.34743618965148926
790,0.24079374969005585,0.32599973678588867,0.23304979503154755,0.36529648303985596
791,0.25233304500579834,0.33176058530807495,0.1898368000984192,0.3253340721130371
792,0.26969242095947266,0.34472522139549255,0.14351503551006317,0.279161661863327
793,0.2789633274078369,0.3483469784259796,0.16098545491695404,0.3079665005207062
794,0.3217041492462158,0.37436217069625854,0.2766331732273102,0.3942074477672577
795,0.2338714897632599,0.32139164209365845,0.16808465123176575,0.30198410153388977
796,0.25648778676986694,0.3366224467754364,0.1434033066034317,0.2703423500061035
797,0.2197834700345993,0.31569409370422363,0.11398728936910629,0.2326805293560028
798,0.24769912660121918,0.32771989703178406,0.11865132302045822,0.24387480318546295
799,0.22242851555347443,0.31485798954963684,0.1124207004904747,0.23259352147579193
800,0.22405317425727844,0.31418293714523315,0.10649698972702026,0.21298247575759888
801,0.211980938911438,0.29619869589805603,0.10356522351503372,0.20907913148403168
802,0.19700035452842712,0.28855282068252563,0.13054487109184265,0.26805201172828674
803,0.19367146492004395,0.2944616377353668,0.24402421712875366,0.39130091667175293
804,0.17124971747398376,0.2757837474346161,0.15016914904117584,0.27284055948257446
805,0.20236662030220032,0.29476967453956604,0.2199907898902893,0.3676910102367401
806,0.18950751423835754,0.2879774570465088,0.22696702182292938,0.3606119453907013
807,0.1993059664964676,0.29531753063201904,0.16752463579177856,0.3132050633430481
808,0.19599848985671997,0.29199784994125366,0.1229030191898346,0.2496640831232071
809,0.19052912294864655,0.28650182485580444,0.11611909419298172,0.22861261665821075
810,0.1540146917104721,0.25853922963142395,0.12192101031541824,0.24302101135253906
811,0.14454488456249237,0.25375571846961975,0.1339094638824463,0.25355979800224304
812,0.1466875970363617,0.2555061876773834,0.10771587491035461,0.22151026129722595
813,0.15139569342136383,0.25951042771339417,0.12205591797828674,0.23360909521579742
814,0.17265018820762634,0.27852171659469604,0.23933450877666473,0.36038535833358765
815,0.16705605387687683,0.27449744939804077,0.19675353169441223,0.33273348212242126
816,0.13253487646579742,0.24835404753684998,0.22251445055007935,0.3533979058265686
817,0.1258484572172165,0.24181760847568512,0.17588986456394196,0.30476710200309753
818,0.1335131824016571,0.24987253546714783,0.16460758447647095,0.28044936060905457
819,0.162523090839386,0.26935887336730957,0.1607692688703537,0.29212212562561035
820,0.1586977243423462,0.26700782775878906,0.18339470028877258,0.32604482769966125
821,0.14158464968204498,0.2538147270679474,0.16968274116516113,0.29704031348228455
822,0.14868009090423584,0.25708064436912537,0.16355979442596436,0.27644941210746765
823,0.14567795395851135,0.25569838285446167,0.2273188829421997,0.33837226033210754
824,0.14871205389499664,0.2662292718887329,0.2294050008058548,0.3443341851234436
825,0.14604763686656952,0.25910642743110657,0.2240191102027893,0.3501446545124054
826,0.14635778963565826,0.25676611065864563,0.23840554058551788,0.36327338218688965
827,0.1595967561006546,0.2676897346973419,0.2026182860136032,0.3527514338493347
828,0.16100361943244934,0.2722344696521759,0.2025436908006668,0.35457611083984375
829,0.23000508546829224,0.3212513029575348,0.224387526512146,0.3654741942882538
830,0.22322537004947662,0.31680527329444885,0.175789475440979,0.3191952109336853
831,0.17134928703308105,0.276454895734787,0.1707434505224228,0.2924113869667053
832,0.18093274533748627,0.28789299726486206,0.2377074807882309,0.3785344660282135
833,0.19937919080257416,0.29676681756973267,0.2167055457830429,0.3087010085582733
834,0.13654616475105286,0.24544821679592133,0.19194655120372772,0.2829858660697937
835,0.1475560963153839,0.255733847618103,0.16728007793426514,0.2738601267337799
836,0.17347432672977448,0.272780179977417,0.1630522906780243,0.2868426740169525
837,0.19410106539726257,0.28819549083709717,0.18070167303085327,0.2866925001144409
838,0.17227137088775635,0.272945761680603,0.1783958524465561,0.2672559320926666
839,0.1604228913784027,0.26374199986457825,0.23782065510749817,0.30721786618232727
840,0.15953879058361053,0.2617003917694092,0.12723995745182037,0.22276338934898376
841,0.15930594503879547,0.2634265422821045,0.15774329006671906,0.25618934631347656
842,0.16406062245368958,0.26817503571510315,0.18959686160087585,0.30786582827568054
843,0.17931722104549408,0.28297674655914307,0.17352363467216492,0.29252001643180847
844,0.20229527354240417,0.2978394031524658,0.1493057757616043,0.2654460370540619
845,0.26560211181640625,0.33768200874328613,0.2713957130908966,0.3852728009223938
846,0.23697787523269653,0.32280105352401733,0.2689841091632843,0.35668519139289856
847,0.18886564671993256,0.28780338168144226,0.19443964958190918,0.3163929581642151
848,0.1491408348083496,0.2645379900932312,0.27191928029060364,0.3761025369167328
849,0.1336386650800705,0.2426682561635971,0.16387777030467987,0.2888808846473694
850,0.17774833738803864,0.2839299738407135,0.18496979773044586,0.3264133036136627
851,0.16800451278686523,0.2728729844093323,0.18341638147830963,0.29429128766059875
852,0.1416778862476349,0.24929140508174896,0.2374524027109146,0.37944355607032776
853,0.1510348618030548,0.25875887274742126,0.16310268640518188,0.30256175994873047
854,0.1892676055431366,0.2897478938102722,0.18942902982234955,0.3280300796031952
855,0.24488234519958496,0.33108189702033997,0.2644306719303131,0.4004617929458618
856,0.19490942358970642,0.2953534424304962,0.12454661726951599,0.256000280380249
857,0.24149587750434875,0.3225165903568268,0.18637913465499878,0.32627370953559875
858,0.22295446693897247,0.3124200999736786,0.13459999859333038,0.27085593342781067
859,0.21256089210510254,0.3046596646308899,0.23350490629673004,0.35904496908187866
860,0.22790737450122833,0.3179737627506256,0.3126746714115143,0.40644851326942444
861,0.1809430867433548,0.2818949222564697,0.23390281200408936,0.3621666431427002
862,0.1394100934267044,0.2503904700279236,0.15701454877853394,0.257811576128006
863,0.16574738919734955,0.27233079075813293,0.31267809867858887,0.3834395706653595
864,0.15951840579509735,0.26345276832580566,0.26318180561065674,0.3587964177131653
865,0.14094126224517822,0.24740637838840485,0.1895037293434143,0.2971890866756439
866,0.13263919949531555,0.24309611320495605,0.1791905164718628,0.28890278935432434
867,0.13905464112758636,0.2506692409515381,0.18974831700325012,0.311490923166275
868,0.15345145761966705,0.2583584487438202,0.18988417088985443,0.32532086968421936
869,0.1505398005247116,0.2527647912502289,0.1858929544687271,0.3156982660293579
870,0.1702159196138382,0.2691442370414734,0.30545833706855774,0.3909582793712616
871,0.16188497841358185,0.2646927237510681,0.2378387153148651,0.358833372592926
872,0.14374420046806335,0.25161227583885193,0.3163478374481201,0.418077290058136
873,0.14804215729236603,0.2547443211078644,0.1963070034980774,0.33009573817253113
874,0.13309378921985626,0.24594131112098694,0.20465576648712158,0.32947272062301636
875,0.1461464911699295,0.25403496623039246,0.18662410974502563,0.3158636689186096
876,0.18902678787708282,0.28956958651542664,0.2900253236293793,0.3884653151035309
877,0.16083818674087524,0.2684924900531769,0.2981005012989044,0.3887535631656647
878,0.18263794481754303,0.2808353900909424,0.1166481226682663,0.24215167760849
879,0.21361975371837616,0.30851662158966064,0.15372690558433533,0.2740490138530731
880,0.17333345115184784,0.27600041031837463,0.18541422486305237,0.3061459958553314
881,0.1730998307466507,0.27516674995422363,0.23638008534908295,0.36064866185188293
882,0.15159162878990173,0.2586232125759125,0.21618489921092987,0.33791202306747437
883,0.14850275218486786,0.25980323553085327,0.2092723399400711,0.3363039195537567
884,0.17498961091041565,0.2770053744316101,0.18607012927532196,0.2963547110557556
885,0.1571904569864273,0.2657790184020996,0.183396115899086,0.31055179238319397
886,0.14353516697883606,0.25457027554512024,0.22559143602848053,0.3583860695362091
887,0.15280796587467194,0.25939658284187317,0.22087474167346954,0.3569943308830261
888,0.15729305148124695,0.25999829173088074,0.15418899059295654,0.28592565655708313
889,0.18607310950756073,0.2816809117794037,0.23706978559494019,0.3433079719543457
890,0.15552808344364166,0.26033177971839905,0.163270503282547,0.28369075059890747
891,0.1633765995502472,0.2662353515625,0.20639608800411224,0.3416787385940552
892,0.1737905591726303,0.27676036953926086,0.19794030487537384,0.30705854296684265
893,0.22107741236686707,0.3086813688278198,0.1079159677028656,0.2288951426744461
894,0.2533499598503113,0.3265208899974823,0.10271380096673965,0.22021442651748657
895,0.19537653028964996,0.28869980573654175,0.10928397625684738,0.23277324438095093
896,0.20344682037830353,0.2943727970123291,0.10304704308509827,0.2178926020860672
897,0.21503154933452606,0.30312731862068176,0.10097455978393555,0.2101643830537796
898,0.23861190676689148,0.31884482502937317,0.11763405799865723,0.240125373005867
899,0.1863006055355072,0.281273752450943,0.10205665230751038,0.21953070163726807
900,0.17233186960220337,0.27062737941741943,0.12495814263820648,0.24112388491630554
901,0.15848666429519653,0.26117581129074097,0.12361227720975876,0.237219899892807
902,0.18180222809314728,0.27899083495140076,0.16802406311035156,0.2703024446964264
903,0.1636701375246048,0.26424968242645264,0.14362026751041412,0.2534365952014923
904,0.18510869145393372,0.28035613894462585,0.11400953680276871,0.21635259687900543
905,0.20442833006381989,0.29116976261138916,0.12939709424972534,0.24207346141338348
906,0.19447201490402222,0.28771448135375977,0.1346445530653,0.23012268543243408
907,0.14413338899612427,0.245561420917511,0.1066690981388092,0.2071150541305542
908,0.18483035266399384,0.2770451009273529,0.1029057651758194,0.2047802358865738
909,0.18422749638557434,0.27664273977279663,0.10344081372022629,0.21143211424350739
910,0.17773807048797607,0.27239108085632324,0.09487210214138031,0.20066486299037933
911,0.15547142922878265,0.25628596544265747,0.09910733252763748,0.2103295475244522
912,0.16133800148963928,0.26187312602996826,0.10692148655653,0.23106013238430023
913,0.14510391652584076,0.2512252628803253,0.1465882509946823,0.260558545589447
914,0.131097674369812,0.23905029892921448,0.1675812304019928,0.27518630027770996
915,0.1365773230791092,0.24588394165039062,0.15635664761066437,0.2832605242729187
916,0.13780377805233002,0.24784499406814575,0.19755177199840546,0.3296499252319336
917,0.1512015163898468,0.25786012411117554,0.19458375871181488,0.31777387857437134
918,0.1521456241607666,0.2574918270111084,0.2620396912097931,0.37355250120162964
919,0.12403982132673264,0.23692959547042847,0.12245631963014603,0.24875962734222412
920,0.14533765614032745,0.2523280382156372,0.2626415193080902,0.3725689649581909
921,0.14406676590442657,0.25231391191482544,0.27396300435066223,0.3641268312931061
922,0.14257775247097015,0.25424620509147644,0.24963125586509705,0.3732282519340515
923,0.12809042632579803,0.23920415341854095,0.2407097965478897,0.3596515953540802
924,0.11545778810977936,0.22688308358192444,0.17433318495750427,0.3077128529548645
925,0.11098647117614746,0.22525866329669952,0.15199358761310577,0.2878343462944031
926,0.12131232768297195,0.23548735678195953,0.22886769473552704,0.35250532627105713
927,0.128270223736763,0.24011723697185516,0.2737980782985687,0.39438939094543457
928,0.13300226628780365,0.24392949044704437,0.19181744754314423,0.30612853169441223
929,0.1426856964826584,0.2537655830383301,0.17547057569026947,0.2739455997943878
930,0.13828277587890625,0.24736428260803223,0.1773165762424469,0.28931960463523865
931,0.14702539145946503,0.2577703297138214,0.1364593654870987,0.2586316466331482
932,0.1435611993074417,0.25336170196533203,0.13271020352840424,0.24723128974437714
933,0.16609539091587067,0.2693830132484436,0.14076387882232666,0.2617701590061188
934,0.13167288899421692,0.24360625445842743,0.11679189652204514,0.21855948865413666
935,0.15326571464538574,0.26073333621025085,0.1049799770116806,0.21060234308242798
936,0.16041623055934906,0.2658166289329529,0.10755607485771179,0.21610088646411896
937,0.17107413709163666,0.27386805415153503,0.16550809144973755,0.27716976404190063
938,0.13897831737995148,0.24603970348834991,0.11876112967729568,0.2372707575559616
939,0.16348214447498322,0.2666657269001007,0.1188393235206604,0.2529948949813843
940,0.16773879528045654,0.2720201909542084,0.1045483723282814,0.22694170475006104
941,0.180153489112854,0.2810407280921936,0.09570881724357605,0.19996269047260284
942,0.14207571744918823,0.2503446340560913,0.11596476286649704,0.22820107638835907
943,0.1391863226890564,0.24891647696495056,0.10879047214984894,0.2124212682247162
944,0.13193291425704956,0.24087567627429962,0.2203725129365921,0.3137740194797516
945,0.12184439599514008,0.23162341117858887,0.18414773046970367,0.3109351396560669
946,0.12422541528940201,0.2355739325284958,0.1403714269399643,0.2469344586133957
947,0.12838712334632874,0.23766086995601654,0.1189008578658104,0.2230367660522461
948,0.1355947107076645,0.24235183000564575,0.10132274031639099,0.20442724227905273
949,0.17182254791259766,0.27175071835517883,0.10471098870038986,0.2123444527387619
950,0.14671874046325684,0.2547019124031067,0.20791013538837433,0.2996206283569336
951,0.11700615286827087,0.2269783914089203,0.15392030775547028,0.2665746212005615
952,0.12917673587799072,0.23522277176380157,0.28351080417633057,0.38400012254714966
953,0.15506485104560852,0.2597443461418152,0.2098187357187271,0.3119747042655945
954,0.14157164096832275,0.24493615329265594,0.19966425001621246,0.3170927166938782
955,0.11394158005714417,0.22425062954425812,0.1652342528104782,0.27424436807632446
956,0.12196455150842667,0.23170818388462067,0.19455736875534058,0.2887832522392273
957,0.13541722297668457,0.24109448492527008,0.20423637330532074,0.30796363949775696
958,0.1340654492378235,0.24156972765922546,0.14955925941467285,0.25551000237464905
959,0.15231893956661224,0.25505807995796204,0.149640753865242,0.26664361357688904
960,0.12512794137001038,0.23560453951358795,0.1786801517009735,0.2863433361053467
961,0.13994139432907104,0.24813522398471832,0.28236883878707886,0.36329659819602966
962,0.1280340552330017,0.2383962720632553,0.1610855609178543,0.29070720076560974
963,0.14260409772396088,0.25359907746315,0.16999471187591553,0.2928685247898102
964,0.1562977284193039,0.2612559199333191,0.11897335946559906,0.23502117395401
965,0.16568110883235931,0.27002352476119995,0.11038655787706375,0.20995394885540009
966,0.19106444716453552,0.28572210669517517,0.09348157793283463,0.20102782547473907
967,0.1698194146156311,0.2692165672779083,0.10930407792329788,0.23104026913642883
968,0.15599305927753448,0.26175743341445923,0.09163765609264374,0.19627906382083893
969,0.15425539016723633,0.25710174441337585,0.09717173874378204,0.19809751212596893
970,0.14815878868103027,0.25096505880355835,0.14650121331214905,0.24618032574653625
971,0.12378350645303726,0.2323388010263443,0.10526908934116364,0.20746204257011414
972,0.12329068779945374,0.23161353170871735,0.10734684020280838,0.2104727327823639
973,0.13462358713150024,0.24193191528320312,0.09534306824207306,0.2005595713853836
974,0.16948427259922028,0.26954445242881775,0.10742393881082535,0.2137964516878128
975,0.14874577522277832,0.2519419193267822,0.09748601913452148,0.20234952867031097
976,0.16721169650554657,0.26299136877059937,0.09589749574661255,0.2022896260023117
977,0.16786931455135345,0.26341712474823,0.09566676616668701,0.2053517997264862
978,0.12225306034088135,0.22952544689178467,0.09394117444753647,0.20027107000350952
979,0.12000606954097748,0.2283845990896225,0.0990123376250267,0.20579348504543304
980,0.12595832347869873,0.23572641611099243,0.09974370896816254,0.20364172756671906
981,0.13609103858470917,0.2426912635564804,0.15522229671478271,0.2668550908565521
982,0.11730576306581497,0.22574567794799805,0.11547151952981949,0.2405252307653427
983,0.12431220710277557,0.23425783216953278,0.09354222565889359,0.20458635687828064
984,0.14409957826137543,0.2501648962497711,0.12361573427915573,0.255522221326828
985,0.12448907643556595,0.2343415766954422,0.10854683816432953,0.23298268020153046
986,0.14610236883163452,0.2539861500263214,0.20295381546020508,0.3239923417568207
987,0.12041373550891876,0.23020777106285095,0.18371446430683136,0.2850811183452606
988,0.11430858075618744,0.22335529327392578,0.1330033838748932,0.24963892996311188
989,0.10996701568365097,0.22059045732021332,0.11733739823102951,0.24086187779903412
990,0.14044834673404694,0.24744753539562225,0.16929613053798676,0.2811618745326996
991,0.1244996190071106,0.23259828984737396,0.13410331308841705,0.25476565957069397
992,0.14096935093402863,0.24858421087265015,0.1449376791715622,0.24414947628974915
993,0.12825553119182587,0.2367520034313202,0.11578893661499023,0.22073589265346527
994,0.12886373698711395,0.23581039905548096,0.09992267191410065,0.20189866423606873
995,0.15674377977848053,0.25757327675819397,0.11852888017892838,0.22435030341148376
996,0.12055296450853348,0.2303587943315506,0.13558253645896912,0.2396388202905655
997,0.1147901862859726,0.22318010032176971,0.10555902123451233,0.21557776629924774
998,0.1451265811920166,0.24965766072273254,0.09103496372699738,0.19698667526245117
999,0.15758830308914185,0.2572123408317566,0.09285622090101242,0.2023012489080429
1000,0.1525355875492096,0.2529169023036957,0.18296672403812408,0.29756611585617065
1001,0.12760373950004578,0.2343333214521408,0.21811597049236298,0.29436689615249634
1002,0.125154510140419,0.2316426932811737,0.19555343687534332,0.2841598689556122
1003,0.10862657427787781,0.2159218192100525,0.2155601978302002,0.30107447504997253
1004,0.12520089745521545,0.23124626278877258,0.21007560193538666,0.31148761510849
1005,0.11209320276975632,0.219770610332489,0.12078668177127838,0.22979584336280823
1006,0.12679840624332428,0.23960892856121063,0.18402597308158875,0.2681030035018921
1007,0.12009766697883606,0.23007015883922577,0.11569692939519882,0.22363917529582977
1008,0.1271989494562149,0.2352849543094635,0.10692242532968521,0.2175925225019455
1009,0.1545841097831726,0.2593919634819031,0.09151294082403183,0.20078709721565247
1010,0.1536620557308197,0.255434513092041,0.09396852552890778,0.2005029022693634
1011,0.17265169322490692,0.2710631191730499,0.09471435099840164,0.2044970840215683
1012,0.15118525922298431,0.2536683678627014,0.09814941883087158,0.21009501814842224
1013,0.14652828872203827,0.24962139129638672,0.0980953574180603,0.2148045003414154
1014,0.13947483897209167,0.24581144750118256,0.10563842207193375,0.2204299122095108
1015,0.12361345440149307,0.24463298916816711,0.09192467480897903,0.1937536597251892
1016,0.1302303671836853,0.24948115646839142,0.10094927251338959,0.22119061648845673
1017,0.11856666207313538,0.2322302907705307,0.0990697592496872,0.21893158555030823
1018,0.12460539489984512,0.23865140974521637,0.09719216823577881,0.21353039145469666
1019,0.1395244151353836,0.2496071755886078,0.09773367643356323,0.2157609462738037
1020,0.1428258717060089,0.25252071022987366,0.1136646717786789,0.24773630499839783
1021,0.1206756979227066,0.23496310412883759,0.12245199829339981,0.26530784368515015
1022,0.12966951727867126,0.24607785046100616,0.1351746767759323,0.27819812297821045
1023,0.10929135978221893,0.2243698537349701,0.1660984754562378,0.3103398382663727
1024,0.11782020330429077,0.2320501208305359,0.14367321133613586,0.28373023867607117
1025,0.11765926331281662,0.2339746356010437,0.19498637318611145,0.3262460231781006
1026,0.11440424621105194,0.22841882705688477,0.17715582251548767,0.31414595246315
1027,0.13089464604854584,0.24402326345443726,0.2094971239566803,0.3444485366344452
1028,0.13825689256191254,0.2558603584766388,0.17648406326770782,0.30261898040771484
1029,0.12190070748329163,0.2331513613462448,0.26086342334747314,0.3919696509838104
1030,0.11428207159042358,0.2265816628932953,0.2047685980796814,0.3367495536804199
1031,0.1307060718536377,0.24219316244125366,0.15626633167266846,0.2916626036167145
1032,0.13053154945373535,0.24189184606075287,0.1006370335817337,0.20791634917259216
1033,0.15730297565460205,0.2621418833732605,0.11852091550827026,0.2319144457578659
1034,0.11648127436637878,0.2270277589559555,0.15414844453334808,0.2644994258880615
1035,0.11319480091333389,0.22678817808628082,0.16672587394714355,0.28288447856903076
1036,0.10725318640470505,0.22264480590820312,0.1965787559747696,0.3016645610332489
1037,0.108001209795475,0.2187480479478836,0.14619849622249603,0.2653287351131439
1038,0.12742489576339722,0.2370293140411377,0.23730714619159698,0.33857741951942444
1039,0.1409805715084076,0.25010547041893005,0.28029072284698486,0.36079612374305725
1040,0.1342109888792038,0.24220745265483856,0.28664225339889526,0.39792999625205994
1041,0.14300310611724854,0.2526812255382538,0.2422245740890503,0.371947705745697
1042,0.15368540585041046,0.263636976480484,0.18221814930438995,0.3023792505264282
1043,0.1732989400625229,0.2722627818584442,0.24255134165287018,0.35576364398002625
1044,0.13105809688568115,0.24410195648670197,0.21156342327594757,0.3240002989768982
1045,0.14730186760425568,0.25532907247543335,0.16266654431819916,0.302711546421051
1046,0.12366709113121033,0.23518934845924377,0.11376253515481949,0.24348361790180206
1047,0.12389545887708664,0.2354584038257599,0.1297585517168045,0.2554175555706024
1048,0.11504261195659637,0.22536060214042664,0.09410513937473297,0.20508083701133728
1049,0.16376303136348724,0.26971331238746643,0.09485611319541931,0.20105214416980743
1050,0.11992712318897247,0.22823944687843323,0.08801228553056717,0.1906127631664276
1051,0.149625763297081,0.2511478662490845,0.09701476991176605,0.2080005407333374
1052,0.13201458752155304,0.2396007627248764,0.10112760961055756,0.21740975975990295
1053,0.117037832736969,0.228645458817482,0.11691174656152725,0.231117844581604
1054,0.11746258288621902,0.2326771467924118,0.13388937711715698,0.22525005042552948
1055,0.10657420754432678,0.21460813283920288,0.10143498331308365,0.20719808340072632
1056,0.12011481076478958,0.22858068346977234,0.17935709655284882,0.3060404360294342
1057,0.10764224827289581,0.21802106499671936,0.12754756212234497,0.22210466861724854
1058,0.10229592025279999,0.2114013135433197,0.10893051326274872,0.20872773230075836
1059,0.10957489162683487,0.2185102105140686,0.17651396989822388,0.2748696804046631
1060,0.11604035645723343,0.22605258226394653,0.14206592738628387,0.26707062125205994
1061,0.11934465169906616,0.22751310467720032,0.2398499995470047,0.3622756898403168
1062,0.12208198010921478,0.2286657989025116,0.2356131672859192,0.3441218435764313
1063,0.11773933470249176,0.22759917378425598,0.16516079008579254,0.28228434920310974
1064,0.12171851843595505,0.23204001784324646,0.10926279425621033,0.2242262214422226
1065,0.13233405351638794,0.2387121319770813,0.14624515175819397,0.27241358160972595
1066,0.12233194708824158,0.23091432452201843,0.17152976989746094,0.28958025574684143
1067,0.1244635134935379,0.23157072067260742,0.18708465993404388,0.29239189624786377
1068,0.14030641317367554,0.24554696679115295,0.08969678729772568,0.19865135848522186
1069,0.17510531842708588,0.2723168134689331,0.12090951204299927,0.23874767124652863
1070,0.15513083338737488,0.2564564347267151,0.09968503564596176,0.21430569887161255
1071,0.11973796039819717,0.22629165649414062,0.0893319621682167,0.19176647067070007
1072,0.14015361666679382,0.24250292778015137,0.09685041010379791,0.19573289155960083
1073,0.11047577112913132,0.21794036030769348,0.10602039098739624,0.21719208359718323
1074,0.12354989349842072,0.23217885196208954,0.10033911466598511,0.2135086953639984
1075,0.16582195460796356,0.266899436712265,0.09100152552127838,0.20494656264781952
1076,0.14825782179832458,0.2555960416793823,0.10214214026927948,0.22529025375843048
1077,0.14311808347702026,0.24757599830627441,0.09887447953224182,0.2170756757259369
1078,0.17026543617248535,0.2750439941883087,0.1164194718003273,0.2399357706308365
1079,0.15593001246452332,0.2619549334049225,0.11940687894821167,0.25960710644721985
1080,0.1095547154545784,0.2257247269153595,0.09339960664510727,0.20435039699077606
1081,0.13527822494506836,0.2441701889038086,0.09786786884069443,0.21976178884506226
1082,0.15113532543182373,0.25732454657554626,0.10687101632356644,0.22875261306762695
1083,0.13935576379299164,0.24558252096176147,0.10396513342857361,0.23370857536792755
1084,0.145246684551239,0.24714313447475433,0.10797702521085739,0.23945453763008118
1085,0.13518445193767548,0.24157607555389404,0.10843519121408463,0.22805370390415192
1086,0.150661900639534,0.2555275857448578,0.09847138822078705,0.21288438141345978
1087,0.1310407966375351,0.2412094920873642,0.09328772127628326,0.19688841700553894
1088,0.16940337419509888,0.27093788981437683,0.09846770763397217,0.21147660911083221
1089,0.15321846306324005,0.2583802342414856,0.0985201820731163,0.2202376276254654
1090,0.13219144940376282,0.24146613478660583,0.09073422104120255,0.19753772020339966
1091,0.14135196805000305,0.2474416047334671,0.09157823026180267,0.19490119814872742
1092,0.14287638664245605,0.25013819336891174,0.0921851322054863,0.1970442831516266
1093,0.12644274532794952,0.23237235844135284,0.09152135252952576,0.1952061951160431
1094,0.1192181408405304,0.2273896038532257,0.1711321920156479,0.2787059247493744
1095,0.1052979826927185,0.21567457914352417,0.0969681441783905,0.1978704184293747
1096,0.1150573119521141,0.22189834713935852,0.14527937769889832,0.2705147862434387
1097,0.10738779604434967,0.21595124900341034,0.14858894050121307,0.25883394479751587
1098,0.10517760366201401,0.21711459755897522,0.09340263903141022,0.2018369436264038
1099,0.0989571362733841,0.2091631293296814,0.09509123116731644,0.20080162584781647
1100,0.10611458867788315,0.21586835384368896,0.12405336648225784,0.2392338514328003
1101,0.10808970034122467,0.21859592199325562,0.09521752595901489,0.20153604447841644
1102,0.12227355688810349,0.23773932456970215,0.10852628946304321,0.20739859342575073
1103,0.124718576669693,0.23208706080913544,0.08952777087688446,0.1953977346420288
1104,0.13154050707817078,0.2365429401397705,0.11534887552261353,0.22001352906227112
1105,0.10205648094415665,0.21414577960968018,0.13721714913845062,0.2322041392326355
1106,0.1166844591498375,0.2276381552219391,0.09324648976325989,0.19655191898345947
1107,0.11221257597208023,0.21937556564807892,0.08512171357870102,0.1878727525472641
1108,0.12692902982234955,0.2360006421804428,0.0867580696940422,0.18871642649173737
1109,0.12195610255002975,0.23444612324237823,0.11086353659629822,0.21427491307258606
1110,0.10344769060611725,0.217561736702919,0.15525846183300018,0.2853439152240753
1111,0.10438991338014603,0.21523328125476837,0.15667138993740082,0.2962159514427185
1112,0.10913829505443573,0.22180505096912384,0.13404372334480286,0.2535916864871979
1113,0.10024072229862213,0.20982398092746735,0.09440657496452332,0.2102164328098297
1114,0.1100822165608406,0.2210203856229782,0.1032053753733635,0.23112908005714417
1115,0.11132020503282547,0.221322163939476,0.10844610631465912,0.2410416603088379
1116,0.1152796521782875,0.22717736661434174,0.1067652627825737,0.23021440207958221
1117,0.1290465146303177,0.237686425447464,0.09839483350515366,0.21984268724918365
1118,0.11413614451885223,0.2257256656885147,0.11487594991922379,0.23942930996418
1119,0.10672861337661743,0.21826504170894623,0.10626425594091415,0.23153629899024963
1120,0.10139112174510956,0.21372489631175995,0.12825873494148254,0.2628529369831085
1121,0.10578717291355133,0.21942707896232605,0.14582855999469757,0.2604958415031433
1122,0.11408007889986038,0.22380563616752625,0.1131654679775238,0.22222605347633362
1123,0.10514917969703674,0.2128344178199768,0.10900932550430298,0.20475834608078003
1124,0.10563475638628006,0.21403567492961884,0.10498805344104767,0.22144491970539093
1125,0.1134793609380722,0.22205936908721924,0.09398233145475388,0.2116420716047287
1126,0.12386755645275116,0.23577338457107544,0.09533543884754181,0.20670033991336823
1127,0.1719648838043213,0.2688516676425934,0.12501628696918488,0.23447757959365845
1128,0.10595957934856415,0.21892817318439484,0.11086278408765793,0.20942576229572296
1129,0.10546188056468964,0.21416448056697845,0.16325493156909943,0.2827445864677429
1130,0.10424131155014038,0.21745850145816803,0.1168927252292633,0.22507590055465698
1131,0.11068949103355408,0.22132472693920135,0.10168479382991791,0.22402814030647278
1132,0.1177113801240921,0.23153778910636902,0.10235612094402313,0.22851549088954926
1133,0.12366726994514465,0.23245364427566528,0.1053752675652504,0.236670583486557
1134,0.1221294179558754,0.23142042756080627,0.10240693390369415,0.23074068129062653
1135,0.11269726604223251,0.22825121879577637,0.09752588719129562,0.20541006326675415
1136,0.1124814823269844,0.22579748928546906,0.09866990894079208,0.22007852792739868
1137,0.15877942740917206,0.26002877950668335,0.09181184321641922,0.20921829342842102
1138,0.15396276116371155,0.26140350103378296,0.10039683431386948,0.211342453956604
1139,0.15628169476985931,0.25793877243995667,0.0905279591679573,0.2034664750099182
1140,0.1338462084531784,0.23804819583892822,0.0898236334323883,0.200153648853302
1141,0.12243860214948654,0.22972515225410461,0.10993131250143051,0.2213096171617508
1142,0.10553473979234695,0.2152412086725235,0.10395984351634979,0.2052185982465744
1143,0.1030205711722374,0.21596983075141907,0.08722324669361115,0.1876053363084793
1144,0.12416871637105942,0.2502633333206177,0.09945939481258392,0.20277242362499237
1145,0.1393095999956131,0.24100497364997864,0.08655262738466263,0.19277212023735046
1146,0.14249828457832336,0.24978847801685333,0.08823379874229431,0.1949107050895691
1147,0.14135147631168365,0.24910210072994232,0.0914590060710907,0.20229080319404602
1148,0.14020340144634247,0.249709814786911,0.09934782236814499,0.21223628520965576
1149,0.14693264663219452,0.2577461004257202,0.10116234421730042,0.22705595195293427
1150,0.13491372764110565,0.2441348433494568,0.10436635464429855,0.22423416376113892
1151,0.13231606781482697,0.2399107962846756,0.1235538125038147,0.26151666045188904
1152,0.11221691966056824,0.2257261425256729,0.10936746001243591,0.24394796788692474
1153,0.09939289093017578,0.21149025857448578,0.0972040593624115,0.21621011197566986
1154,0.11075012385845184,0.22449146211147308,0.23003289103507996,0.3637002110481262
1155,0.10350283235311508,0.21467702090740204,0.11130733788013458,0.21424242854118347
1156,0.09461085498332977,0.2046375721693039,0.10649313032627106,0.2314085215330124
1157,0.103294737637043,0.21326301991939545,0.18679481744766235,0.3289951682090759
1158,0.09904037415981293,0.2145092785358429,0.10458334535360336,0.23522399365901947
1159,0.1065429076552391,0.21991164982318878,0.1752498894929886,0.31313556432724
1160,0.10263252258300781,0.21711093187332153,0.12875013053417206,0.2617594301700592
1161,0.11473730206489563,0.2269241213798523,0.08800840377807617,0.1932350993156433
1162,0.10490788519382477,0.21483926475048065,0.16312184929847717,0.28618577122688293
1163,0.1026347279548645,0.21488909423351288,0.17887407541275024,0.300408273935318
1164,0.11156319826841354,0.21987466514110565,0.12147081643342972,0.2463614046573639
1165,0.09982990473508835,0.20955388247966766,0.09212055802345276,0.20788946747779846
1166,0.13171225786209106,0.23686255514621735,0.08948303014039993,0.2004978060722351
1167,0.12548376619815826,0.22996743023395538,0.08843711018562317,0.19940944015979767
1168,0.10224562138319016,0.21196454763412476,0.08430750668048859,0.18551623821258545
1169,0.10992146283388138,0.2174653261899948,0.08581451326608658,0.18643230199813843
1170,0.11461523175239563,0.21814487874507904,0.08565293252468109,0.18978513777256012
1171,0.1117430180311203,0.21703489124774933,0.09386107325553894,0.20932751893997192
1172,0.15827380120754242,0.2580137252807617,0.09683474898338318,0.21607118844985962
1173,0.1482812464237213,0.2557874321937561,0.11766308546066284,0.22208313643932343
1174,0.10226185619831085,0.21076995134353638,0.1588614583015442,0.2566768229007721
1175,0.1098325103521347,0.21706056594848633,0.08820323646068573,0.18750831484794617
1176,0.1049862653017044,0.21341396868228912,0.10846157371997833,0.20837420225143433
1177,0.09823115915060043,0.20442357659339905,0.08612953871488571,0.1892147660255432
1178,0.11273964494466782,0.2203776091337204,0.08858805894851685,0.1891726404428482
1179,0.11051870137453079,0.2184741199016571,0.09389912337064743,0.19165818393230438
1180,0.10364726930856705,0.21118783950805664,0.0869634822010994,0.18578071892261505
1181,0.10592246055603027,0.21163596212863922,0.08521591126918793,0.18734492361545563
1182,0.10910063236951828,0.2145121544599533,0.08848491311073303,0.195148304104805
1183,0.10456593334674835,0.21676206588745117,0.10137185454368591,0.22650174796581268
1184,0.10827884823083878,0.21960709989070892,0.09101540595293045,0.20386481285095215
1185,0.1348421722650528,0.2425812929868698,0.08703653514385223,0.19092735648155212
1186,0.12743094563484192,0.23180322349071503,0.08742134273052216,0.19022956490516663
1187,0.11662887036800385,0.22205664217472076,0.08955604583024979,0.19462910294532776
1188,0.11321847885847092,0.22270719707012177,0.09017568826675415,0.2012995183467865
1189,0.12166289985179901,0.22969740629196167,0.10529955476522446,0.22825904190540314
1190,0.10953452438116074,0.22118429839611053,0.09654603898525238,0.20849338173866272
1191,0.10645461082458496,0.2186412662267685,0.12695948779582977,0.2435845285654068
1192,0.10344869643449783,0.21876628696918488,0.10443080961704254,0.20908710360527039
1193,0.10513290762901306,0.21487492322921753,0.09865926951169968,0.21845397353172302
1194,0.11961707472801208,0.23069928586483002,0.10343509167432785,0.2318481057882309
1195,0.10483463108539581,0.22698424756526947,0.11289331316947937,0.2097167670726776
1196,0.0938342809677124,0.20266331732273102,0.0839507058262825,0.18440815806388855
1197,0.1037617176771164,0.20998486876487732,0.08991989493370056,0.19089044630527496
1198,0.10580853372812271,0.2119636982679367,0.08365170657634735,0.18577410280704498
1199,0.11246044933795929,0.21910278499126434,0.08434437960386276,0.1857006996870041
1200,0.13237468898296356,0.23737944662570953,0.1489383429288864,0.2467646449804306
1201,0.09405474364757538,0.20031467080116272,0.0974264144897461,0.19918054342269897
1202,0.10348225384950638,0.2093803733587265,0.09318844974040985,0.1975325495004654
1203,0.09828490018844604,0.2049858123064041,0.09253637492656708,0.19587910175323486
1204,0.1003551334142685,0.20619426667690277,0.08965934813022614,0.19223196804523468
1205,0.10582912713289261,0.21219873428344727,0.0829034298658371,0.18224279582500458
1206,0.1077001690864563,0.21352463960647583,0.08430374413728714,0.18355929851531982
1207,0.11267292499542236,0.21937423944473267,0.14127859473228455,0.2410944253206253
1208,0.11194545030593872,0.21812431514263153,0.09313434362411499,0.1917751431465149
1209,0.10002847760915756,0.20763808488845825,0.0923675000667572,0.1945718228816986
1210,0.10841573774814606,0.2151230275630951,0.08554872125387192,0.18822833895683289
1211,0.1137223169207573,0.2213747799396515,0.08275282382965088,0.1822420060634613
1212,0.09784777462482452,0.20584668219089508,0.0849798247218132,0.18390361964702606
1213,0.10249913483858109,0.2102879136800766,0.08839808404445648,0.18769954144954681
1214,0.10820353776216507,0.21701611578464508,0.08704999834299088,0.18605828285217285
1215,0.1272452473640442,0.23169240355491638,0.09459817409515381,0.19652995467185974
1216,0.10224074125289917,0.21166616678237915,0.08742038160562515,0.1933201551437378
1217,0.11321250349283218,0.22327670454978943,0.08274466544389725,0.18322281539440155
1218,0.1126762330532074,0.22381359338760376,0.08327941596508026,0.18453679978847504
1219,0.11359506845474243,0.2244488000869751,0.09576500207185745,0.20127566158771515
1220,0.10534969717264175,0.21514753997325897,0.11225348711013794,0.22158148884773254
1221,0.10020127892494202,0.2069302797317505,0.10002513974905014,0.20776069164276123
1222,0.09622639417648315,0.20644503831863403,0.08524934202432632,0.18716910481452942
1223,0.10066308826208115,0.2095108926296234,0.08465723693370819,0.18765944242477417
1224,0.10231134295463562,0.21486592292785645,0.09863744676113129,0.1962546855211258
1225,0.09375227987766266,0.21007929742336273,0.09555137902498245,0.19227555394172668
1226,0.09798940271139145,0.207598015666008,0.1090661957859993,0.2189250886440277
1227,0.09995254129171371,0.20875410735607147,0.15411056578159332,0.25547197461128235
1228,0.10416605323553085,0.21280473470687866,0.09035538882017136,0.1891440451145172
1229,0.08455595374107361,0.19199064373970032,0.09682764858007431,0.19484713673591614
1230,0.0923563539981842,0.19988909363746643,0.10760275274515152,0.20495809614658356
1231,0.09249742329120636,0.20039893686771393,0.10015424340963364,0.19786202907562256
1232,0.08993597328662872,0.1965409815311432,0.0966886505484581,0.2012988179922104
1233,0.10947918891906738,0.21449898183345795,0.19827668368816376,0.30603253841400146
1234,0.08951511234045029,0.19517013430595398,0.09293710440397263,0.1968580037355423
1235,0.09118784964084625,0.1972247064113617,0.11282622814178467,0.21372856199741364
1236,0.09426885843276978,0.20061632990837097,0.13536405563354492,0.2407773733139038
1237,0.09198859333992004,0.1985621154308319,0.09943081438541412,0.1955927312374115
1238,0.10688117891550064,0.2131497859954834,0.1630188673734665,0.2801148593425751
1239,0.11113151907920837,0.2180151343345642,0.1952173262834549,0.29682478308677673
1240,0.11385849863290787,0.2198929637670517,0.20850133895874023,0.31351909041404724
1241,0.11447583884000778,0.2208828330039978,0.28469333052635193,0.3638797700405121
1242,0.10910815745592117,0.21553407609462738,0.16990794241428375,0.2647421061992645
1243,0.1012391597032547,0.20832927525043488,0.18874147534370422,0.28480997681617737
1244,0.09778285026550293,0.20374591648578644,0.23277068138122559,0.3318038582801819
1245,0.09542109817266464,0.2032630443572998,0.12274371087551117,0.22209933400154114
1246,0.09580127894878387,0.2019624263048172,0.1340433955192566,0.22908474504947662
1247,0.10125235468149185,0.20887045562267303,0.09644728899002075,0.19292321801185608
1248,0.09553775191307068,0.2029331475496292,0.12364225089550018,0.22009652853012085
1249,0.09204332530498505,0.2000565379858017,0.08617422729730606,0.18411995470523834
1250,0.09883308410644531,0.2050657719373703,0.08351299166679382,0.18222996592521667
1251,0.10303401201963425,0.20945054292678833,0.082178495824337,0.18219076097011566
1252,0.11064287275075912,0.21613337099552155,0.09381785243749619,0.19424517452716827
1253,0.09933044016361237,0.20610003173351288,0.11225013434886932,0.20667260885238647
1254,0.10440108925104141,0.2118176519870758,0.08576168864965439,0.1860416978597641
1255,0.10076563060283661,0.20841623842716217,0.09093146026134491,0.19814175367355347
1256,0.09100387245416641,0.19941052794456482,0.09128887951374054,0.19826722145080566
1257,0.08843068778514862,0.19822679460048676,0.10162384063005447,0.21782426536083221
1258,0.0929836630821228,0.20469129085540771,0.08906406164169312,0.19245360791683197
1259,0.09898124635219574,0.21016810834407806,0.0980006530880928,0.2025378793478012
1260,0.10445461422204971,0.21419274806976318,0.16276030242443085,0.26369357109069824
1261,0.09656266123056412,0.20689328014850616,0.1291353404521942,0.2294829785823822
1262,0.09229452162981033,0.2021692395210266,0.11544468253850937,0.21322552859783173
1263,0.10593123733997345,0.2118295580148697,0.08099875599145889,0.18106555938720703
1264,0.10641339421272278,0.21166789531707764,0.08283182233572006,0.18372444808483124
1265,0.09133969247341156,0.19920049607753754,0.10211288183927536,0.20288078486919403
1266,0.11020029336214066,0.21726013720035553,0.08287910372018814,0.1819361299276352
1267,0.09431496262550354,0.2020806074142456,0.10292931646108627,0.21705438196659088
1268,0.09061811119318008,0.19949059188365936,0.08517728745937347,0.19128581881523132
1269,0.11694876849651337,0.22391454875469208,0.09594994783401489,0.2056511789560318
1270,0.09127923101186752,0.20171155035495758,0.11292476207017899,0.2211056649684906
1271,0.0918121188879013,0.20096196234226227,0.10786494612693787,0.22689580917358398
1272,0.09892313927412033,0.2093217968940735,0.15044641494750977,0.2559409439563751
1273,0.0957377701997757,0.2052765190601349,0.13732676208019257,0.2539137303829193
1274,0.10175274312496185,0.21667365729808807,0.11573813110589981,0.22040754556655884
1275,0.0926048532128334,0.20360645651817322,0.08497532457113266,0.19004246592521667
1276,0.10356881469488144,0.21396806836128235,0.08342935144901276,0.188551127910614
1277,0.09724890440702438,0.20906999707221985,0.0817190483212471,0.18460674583911896
1278,0.09063388407230377,0.2008853256702423,0.08212602883577347,0.18070673942565918
1279,0.08545592427253723,0.1943935602903366,0.1066259816288948,0.2064616084098816
1280,0.08996173739433289,0.2002469301223755,0.11204498261213303,0.2073669135570526
1281,0.095565065741539,0.20497161149978638,0.09732922166585922,0.19422626495361328
1282,0.10556472092866898,0.21416030824184418,0.08327540755271912,0.1820257157087326
1283,0.10224790871143341,0.2106340378522873,0.08511807024478912,0.18274852633476257
1284,0.1017647311091423,0.20678187906742096,0.09534251689910889,0.1999501734972
1285,0.09331391006708145,0.20373395085334778,0.09808310866355896,0.1937762200832367
1286,0.09643096476793289,0.2041732668876648,0.08497464656829834,0.18938018381595612
1287,0.11200090497732162,0.21842505037784576,0.10272932797670364,0.21155503392219543
1288,0.1065213531255722,0.2145688682794571,0.08566130697727203,0.18381276726722717
1289,0.10293182730674744,0.2116841822862625,0.09349161386489868,0.19128161668777466
1290,0.0919099971652031,0.19999077916145325,0.08112504333257675,0.1826627403497696
1291,0.08793015778064728,0.19702939689159393,0.14510266482830048,0.25339385867118835
1292,0.09210458397865295,0.20114222168922424,0.1288502961397171,0.25725317001342773
1293,0.08648612350225449,0.19714637100696564,0.09387592226266861,0.2004484236240387
1294,0.0951090008020401,0.20678508281707764,0.1222539022564888,0.23175466060638428
1295,0.09342315793037415,0.2045365422964096,0.11788410693407059,0.22566445171833038
1296,0.08772239834070206,0.19744792580604553,0.10719165951013565,0.21411554515361786
1297,0.08970586210489273,0.19951389729976654,0.11096865683794022,0.23467276990413666
1298,0.09475213289260864,0.20150989294052124,0.11822924762964249,0.2470095157623291
1299,0.08740247786045074,0.197304829955101,0.11251306533813477,0.23196175694465637
1300,0.08642950654029846,0.1971636414527893,0.10264918953180313,0.21120762825012207
1301,0.08928270637989044,0.19994492828845978,0.08740431070327759,0.2004920244216919
1302,0.10097647458314896,0.21164877712726593,0.13031022250652313,0.2480786293745041
1303,0.10683276504278183,0.21499596536159515,0.10972262173891068,0.21751204133033752
1304,0.10002464056015015,0.20902873575687408,0.094061478972435,0.1936693638563156
1305,0.09720295667648315,0.2043743133544922,0.1439102590084076,0.23821760714054108
1306,0.09833107888698578,0.20455339550971985,0.09549247473478317,0.19247514009475708
1307,0.09021420031785965,0.198018878698349,0.13206860423088074,0.2297830432653427
1308,0.09234099090099335,0.2025628238916397,0.12482203543186188,0.2273300737142563
1309,0.09175820648670197,0.20046305656433105,0.1629091203212738,0.26375603675842285
1310,0.09680836647748947,0.20419245958328247,0.10230222344398499,0.20114785432815552
1311,0.09000862389802933,0.19636152684688568,0.0918767973780632,0.19319608807563782
1312,0.08929556608200073,0.19690345227718353,0.1439771056175232,0.2389327585697174
1313,0.09206527471542358,0.19962076842784882,0.12643304467201233,0.22233064472675323
1314,0.10288888961076736,0.2098933607339859,0.16967624425888062,0.26729753613471985
1315,0.08688751608133316,0.19704905152320862,0.16476444900035858,0.2733275890350342
1316,0.08949065208435059,0.1988774687051773,0.09552441537380219,0.20194409787654877
1317,0.11304198950529099,0.22350172698497772,0.21772927045822144,0.2983674108982086
1318,0.09984638541936874,0.20912805199623108,0.11736511439085007,0.22466114163398743
1319,0.10700976848602295,0.21300530433654785,0.2527933716773987,0.33884674310684204
1320,0.09836065024137497,0.21050076186656952,0.17164801061153412,0.2654712200164795
1321,0.09192541986703873,0.19923287630081177,0.12389223277568817,0.2147839218378067
1322,0.08704020082950592,0.19482927024364471,0.15843674540519714,0.24498611688613892
1323,0.10281693190336227,0.21303603053092957,0.15225312113761902,0.2409171462059021
1324,0.09884603321552277,0.20406080782413483,0.15585605800151825,0.2584846317768097
1325,0.10041671991348267,0.20712149143218994,0.1787441223859787,0.26666784286499023
1326,0.09870820492506027,0.20615698397159576,0.11533188819885254,0.21064794063568115
1327,0.08604709804058075,0.19348323345184326,0.0792916864156723,0.17773112654685974
1328,0.09157068282365799,0.19831135869026184,0.07960686087608337,0.17959024012088776
1329,0.09266838431358337,0.19789467751979828,0.10883241891860962,0.21612957119941711
1330,0.09615631401538849,0.20212747156620026,0.10733670741319656,0.2092655599117279
1331,0.0932612344622612,0.1997353732585907,0.1255817413330078,0.22546358406543732
1332,0.08684873580932617,0.19553056359291077,0.16017208993434906,0.24796566367149353
1333,0.08552256226539612,0.1926811933517456,0.14695517718791962,0.24208655953407288
1334,0.09900210052728653,0.20612536370754242,0.23595567047595978,0.3246796131134033
1335,0.0919853150844574,0.1988978534936905,0.12591764330863953,0.2255839854478836
1336,0.08576252311468124,0.19668740034103394,0.127393901348114,0.2247525304555893
1337,0.08126991987228394,0.18928326666355133,0.12161523848772049,0.2156667709350586
1338,0.08473778516054153,0.19166240096092224,0.0934644490480423,0.19164301455020905
1339,0.08569242060184479,0.1931539922952652,0.14021895825862885,0.2335774451494217
1340,0.08885926008224487,0.19751444458961487,0.11258618533611298,0.20967961847782135
1341,0.10834471136331558,0.21568657457828522,0.27162840962409973,0.33882930874824524
1342,0.09934253245592117,0.20878659188747406,0.15552078187465668,0.24616128206253052
1343,0.09727782756090164,0.20675742626190186,0.14641770720481873,0.2379869520664215
1344,0.09700452536344528,0.20714011788368225,0.12254147231578827,0.21594159305095673
1345,0.0918593481183052,0.1995156705379486,0.08196410536766052,0.18273866176605225
1346,0.08321069180965424,0.19132913649082184,0.09811040759086609,0.1956939697265625
1347,0.08924771845340729,0.19732995331287384,0.16801781952381134,0.26141369342803955
1348,0.09576090425252914,0.2033219188451767,0.16820989549160004,0.2765427529811859
1349,0.09208434075117111,0.19876891374588013,0.0788678228855133,0.17829342186450958
1350,0.09776382148265839,0.2050563246011734,0.08096913248300552,0.18605200946331024
1351,0.09607522189617157,0.2105209231376648,0.09624768048524857,0.19200289249420166
1352,0.09434781968593597,0.20561689138412476,0.10184365510940552,0.20148633420467377
1353,0.09267020970582962,0.20544937252998352,0.07863304764032364,0.17702117562294006
1354,0.10727596282958984,0.22225917875766754,0.08343984186649323,0.18148010969161987
1355,0.0932922214269638,0.207686185836792,0.08554065972566605,0.19049496948719025
1356,0.09695987403392792,0.20680734515190125,0.0777869001030922,0.17615391314029694
1357,0.0922863557934761,0.201753631234169,0.08545859903097153,0.18330112099647522
1358,0.09137488156557083,0.2022513896226883,0.10971911996603012,0.20855452120304108
1359,0.09156865626573563,0.2001788318157196,0.14896301925182343,0.26234179735183716
1360,0.09100610762834549,0.19812875986099243,0.13086916506290436,0.23279191553592682
1361,0.09508654475212097,0.20194140076637268,0.1434939056634903,0.25109487771987915
1362,0.10828825831413269,0.21779079735279083,0.10786526650190353,0.20609547197818756
1363,0.10112696886062622,0.21065673232078552,0.15015459060668945,0.24343112111091614
1364,0.09436659514904022,0.20455323159694672,0.121319979429245,0.21508215367794037
1365,0.09113441407680511,0.19861117005348206,0.1374906599521637,0.23333944380283356
1366,0.09337671846151352,0.19892127811908722,0.16317163407802582,0.27096036076545715
1367,0.10432334244251251,0.21202236413955688,0.16997264325618744,0.2756803333759308
1368,0.09805630892515182,0.2065732181072235,0.13259252905845642,0.24301722645759583
1369,0.09624602645635605,0.2047170102596283,0.15178997814655304,0.2717621922492981
1370,0.09634952992200851,0.2062993198633194,0.1168593317270279,0.23080967366695404
1371,0.08961407840251923,0.19744808971881866,0.08944667875766754,0.20737147331237793
1372,0.10214312374591827,0.2097029834985733,0.08533016592264175,0.19818837940692902
1373,0.10761752724647522,0.21413461863994598,0.08262945711612701,0.19129891693592072
1374,0.09339997917413712,0.20149588584899902,0.08794230222702026,0.20428885519504547
1375,0.09084774553775787,0.1988399624824524,0.12282217293977737,0.24708253145217896
1376,0.092330202460289,0.20195455849170685,0.11493929475545883,0.23240724205970764
1377,0.08728761225938797,0.19811870157718658,0.09980858117341995,0.20876601338386536
1378,0.08913101255893707,0.19982734322547913,0.08765780180692673,0.18391995131969452
1379,0.0871676355600357,0.19345535337924957,0.08191345632076263,0.18237529695034027
1380,0.0872909277677536,0.19613796472549438,0.09190282970666885,0.18821077048778534
1381,0.09959175437688828,0.2090916782617569,0.09689151495695114,0.19216793775558472
1382,0.0893452912569046,0.19620519876480103,0.08114544302225113,0.1854567974805832
1383,0.09142564982175827,0.197401762008667,0.10434990376234055,0.21799683570861816
1384,0.08819248527288437,0.19736362993717194,0.1324474960565567,0.2343975007534027
1385,0.08317004144191742,0.18976736068725586,0.15738606452941895,0.25464823842048645
1386,0.08601094037294388,0.19401174783706665,0.1356823742389679,0.23029780387878418
1387,0.08502046763896942,0.19331562519073486,0.11293944716453552,0.22120606899261475
1388,0.08584490418434143,0.19205941259860992,0.08145790547132492,0.1811220794916153
1389,0.09245101362466812,0.19912339746952057,0.09058398008346558,0.1898791491985321
1390,0.08673058450222015,0.19404686987400055,0.09211044758558273,0.19424182176589966
1391,0.0884399265050888,0.19611801207065582,0.08007533848285675,0.1794150173664093
1392,0.0898648202419281,0.19708801805973053,0.09794659167528152,0.19737869501113892
1393,0.085568368434906,0.19216324388980865,0.13015387952327728,0.23977860808372498
1394,0.09181278944015503,0.19908584654331207,0.1611388921737671,0.26246654987335205
1395,0.08707315474748611,0.1948821097612381,0.09570304304361343,0.20140440762043
1396,0.08238856494426727,0.1887078434228897,0.12399110943078995,0.22174134850502014
1397,0.07929030060768127,0.18481983244419098,0.11688181757926941,0.2166319638490677
1398,0.0868590772151947,0.19415077567100525,0.14862512052059174,0.25638917088508606
1399,0.09206557273864746,0.19860710203647614,0.12992823123931885,0.22853869199752808
1400,0.08981289714574814,0.19690600037574768,0.11850010603666306,0.21804410219192505
1401,0.09676535427570343,0.20342481136322021,0.17242899537086487,0.28017735481262207
1402,0.107663094997406,0.21380087733268738,0.12811841070652008,0.23567132651805878
1403,0.13093900680541992,0.23517151176929474,0.20641663670539856,0.3265703022480011
1404,0.12052210420370102,0.2257922887802124,0.19612163305282593,0.2808126211166382
1405,0.09569048136472702,0.20180612802505493,0.18640992045402527,0.2816905975341797
1406,0.09433133900165558,0.20051413774490356,0.15665170550346375,0.25220757722854614
1407,0.10009151697158813,0.2073478251695633,0.10042829811573029,0.20402415096759796
1408,0.08247093111276627,0.1877090483903885,0.08910376578569412,0.18504051864147186
1409,0.09395567327737808,0.20061121881008148,0.08385831117630005,0.17987971007823944
1410,0.09073732793331146,0.19829940795898438,0.12084026634693146,0.21504461765289307
1411,0.10373871773481369,0.21055416762828827,0.14583957195281982,0.24033237993717194
1412,0.08827602863311768,0.19663743674755096,0.11002962291240692,0.20741721987724304
1413,0.09762614965438843,0.20475372672080994,0.1759154200553894,0.27450665831565857
1414,0.09014499187469482,0.19665321707725525,0.11213460564613342,0.21354441344738007
1415,0.0826215073466301,0.18919456005096436,0.10595212131738663,0.21831881999969482
1416,0.08257900923490524,0.19012536108493805,0.1415756195783615,0.2632022500038147
1417,0.09085988998413086,0.20084288716316223,0.15761888027191162,0.2845081090927124
1418,0.10548657178878784,0.2167222648859024,0.12781357765197754,0.25143352150917053
1419,0.10002371668815613,0.21327649056911469,0.11036389321088791,0.2217228263616562
1420,0.09447482973337173,0.20304805040359497,0.09191455692052841,0.2092253863811493
1421,0.09327477961778641,0.20263350009918213,0.08849815279245377,0.20466724038124084
1422,0.09646637737751007,0.20577868819236755,0.07743879407644272,0.178363636136055
1423,0.09761666506528854,0.20947207510471344,0.07806286215782166,0.17662569880485535
1424,0.10424108803272247,0.20844143629074097,0.08004850894212723,0.18093830347061157
1425,0.10609573125839233,0.20976001024246216,0.0805143266916275,0.18300768733024597
1426,0.10253936797380447,0.20713166892528534,0.07745843380689621,0.17612211406230927
1427,0.09073194861412048,0.19714248180389404,0.09040383994579315,0.18839947879314423
1428,0.09664856642484665,0.2024996131658554,0.08009377866983414,0.18029695749282837
1429,0.10087553411722183,0.20772168040275574,0.07971183210611343,0.17792822420597076
1430,0.09519704431295395,0.20243002474308014,0.09830973297357559,0.19463302195072174
1431,0.0903419777750969,0.19722634553909302,0.14929324388504028,0.24131286144256592
1432,0.09395001083612442,0.1997644603252411,0.09144020080566406,0.18608859181404114
1433,0.09667713940143585,0.20791618525981903,0.08722484111785889,0.18430745601654053
1434,0.09646482765674591,0.2057529091835022,0.08023189008235931,0.18066652119159698
1435,0.09830924868583679,0.2062164545059204,0.08875997364521027,0.19763240218162537
1436,0.09097156673669815,0.20238672196865082,0.07754889875650406,0.17706416547298431
1437,0.09328725934028625,0.20457807183265686,0.07932942360639572,0.18373122811317444
1438,0.09255418181419373,0.20363302528858185,0.07924757897853851,0.1769140213727951
1439,0.0976792573928833,0.20537492632865906,0.08969497680664062,0.189933642745018
1440,0.08713924884796143,0.19553227722644806,0.08071913570165634,0.1817661076784134
1441,0.08562424033880234,0.1948581486940384,0.08163006603717804,0.1806025207042694
1442,0.09269195050001144,0.19991806149482727,0.1321456879377365,0.24322441220283508
1443,0.09602545201778412,0.2048720419406891,0.0764484778046608,0.17631323635578156
1444,0.09278037399053574,0.2018444985151291,0.12428510189056396,0.23261915147304535
1445,0.08830371499061584,0.19758325815200806,0.07755458354949951,0.17720721662044525
1446,0.09186585247516632,0.20046071708202362,0.12882840633392334,0.23449814319610596
1447,0.09559617191553116,0.20311179757118225,0.11983917653560638,0.2173803746700287
1448,0.08337613195180893,0.18894347548484802,0.09906953573226929,0.20041042566299438
1449,0.07772098481655121,0.18209898471832275,0.10646092891693115,0.20653510093688965
1450,0.0894060730934143,0.19494247436523438,0.08847062289714813,0.18863290548324585
1451,0.08789028227329254,0.19428029656410217,0.1596735417842865,0.2620128095149994
1452,0.0928531214594841,0.19755810499191284,0.1708119958639145,0.2647189199924469
1453,0.08639860898256302,0.19214025139808655,0.08617843687534332,0.18521861732006073
1454,0.09827428311109543,0.20354868471622467,0.07817286252975464,0.17797909677028656
1455,0.08177456259727478,0.1858745664358139,0.1418532282114029,0.24351933598518372
1456,0.08213060349225998,0.1875448077917099,0.17018914222717285,0.26525405049324036
1457,0.07811539620161057,0.183793842792511,0.0979476124048233,0.19512367248535156
1458,0.07971350103616714,0.1866544932126999,0.11712919175624847,0.21892347931861877
1459,0.0769086480140686,0.18194696307182312,0.09404104202985764,0.19622935354709625
1460,0.08480805903673172,0.18859432637691498,0.15954408049583435,0.26072612404823303
1461,0.07810187339782715,0.1817740648984909,0.11406082659959793,0.2158590853214264
1462,0.08476567268371582,0.18854260444641113,0.14113393425941467,0.23880256712436676
1463,0.07692858576774597,0.18038050830364227,0.08583955466747284,0.18261504173278809
1464,0.09418734908103943,0.1988753229379654,0.13972990214824677,0.2358926385641098
1465,0.09437164664268494,0.19949783384799957,0.15768466889858246,0.25190073251724243
1466,0.09155106544494629,0.19685737788677216,0.16806405782699585,0.2613775134086609
1467,0.11368558555841446,0.21918539702892303,0.12581974267959595,0.23988157510757446
1468,0.09489894658327103,0.2001415342092514,0.12827758491039276,0.22432395815849304
1469,0.1067158579826355,0.214262917637825,0.15931914746761322,0.2522020637989044
1470,0.10414222627878189,0.2099558562040329,0.11696498841047287,0.21019984781742096
1471,0.0877099260687828,0.19463790953159332,0.15509283542633057,0.24365970492362976
1472,0.09141671657562256,0.1982264220714569,0.1268128603696823,0.2220117151737213
1473,0.09556920826435089,0.20086483657360077,0.1466546356678009,0.24605898559093475
1474,0.10365857928991318,0.20848384499549866,0.18703016638755798,0.27881917357444763
1475,0.10167431086301804,0.20983071625232697,0.13842646777629852,0.23362916707992554
1476,0.0921943262219429,0.19949853420257568,0.09103675186634064,0.188689187169075
1477,0.08331385254859924,0.1872328817844391,0.08307422697544098,0.17838972806930542
1478,0.08080623298883438,0.185968816280365,0.08660944551229477,0.18176361918449402
1479,0.08297623693943024,0.18888191878795624,0.0831093117594719,0.17910926043987274
1480,0.09654895216226578,0.20308656990528107,0.0780232772231102,0.18016408383846283
1481,0.10456773638725281,0.20925697684288025,0.07697585970163345,0.17591647803783417
1482,0.09368202835321426,0.19956523180007935,0.09494514018297195,0.18936897814273834
1483,0.08954451233148575,0.1987023949623108,0.09478099644184113,0.1912824511528015
1484,0.09401189535856247,0.2027580440044403,0.09190180152654648,0.1935422122478485
1485,0.09142258018255234,0.20080290734767914,0.08145690709352493,0.18437883257865906
1486,0.08545509725809097,0.19527344405651093,0.08582120388746262,0.1814056634902954
1487,0.08756760507822037,0.19858035445213318,0.07926894724369049,0.17635704576969147
1488,0.09063246846199036,0.19856570661067963,0.07788537442684174,0.1788790225982666
1489,0.10092625021934509,0.20874471962451935,0.07975498586893082,0.18630073964595795
1490,0.09218107908964157,0.1992805451154709,0.08068790286779404,0.1884589046239853
1491,0.09482299536466599,0.20120440423488617,0.08017825335264206,0.18465058505535126
1492,0.08717027306556702,0.19598481059074402,0.09811294078826904,0.19353170692920685
1493,0.08559645712375641,0.19138218462467194,0.08333538472652435,0.18674151599407196
1494,0.0774366483092308,0.18370802700519562,0.08623019605875015,0.1867133229970932
1495,0.09303530305624008,0.19794151186943054,0.10162858664989471,0.2016083300113678
1496,0.09886106103658676,0.20283693075180054,0.08785742521286011,0.18821755051612854
1497,0.09057699143886566,0.19747179746627808,0.09438885003328323,0.18868684768676758
1498,0.08263153582811356,0.19143633544445038,0.1071554496884346,0.20024573802947998
1499,0.08428645879030228,0.19208532571792603,0.09982946515083313,0.19302792847156525
1500,0.07868165522813797,0.18552373349666595,0.08493601530790329,0.1803525984287262
1501,0.08141402900218964,0.189567431807518,0.07719770818948746,0.1738693118095398
1502,0.09453336894512177,0.20241676270961761,0.07753389328718185,0.17388777434825897
1503,0.08922354131937027,0.19545185565948486,0.07603360712528229,0.17341205477714539
1504,0.0863475501537323,0.1918094903230667,0.0885571613907814,0.19020646810531616
1505,0.08246708661317825,0.18953445553779602,0.07822228223085403,0.1790173500776291
1506,0.09073921293020248,0.19873131811618805,0.09611500799655914,0.19049185514450073
1507,0.08857619762420654,0.1953940987586975,0.132307231426239,0.23733924329280853
1508,0.0878358706831932,0.1950969099998474,0.08117988705635071,0.17877349257469177
1509,0.08834225684404373,0.1930265575647354,0.08777788281440735,0.18925730884075165
1510,0.0837559923529625,0.18944008648395538,0.1026151180267334,0.20174962282180786
1511,0.08734669536352158,0.19306740164756775,0.1171671599149704,0.21832112967967987
1512,0.09556756913661957,0.20031006634235382,0.07975758612155914,0.1757386326789856
1513,0.09303123503923416,0.20053932070732117,0.11949724704027176,0.2170732617378235
1514,0.08757048100233078,0.19513483345508575,0.11490721255540848,0.20929473638534546
1515,0.09326095134019852,0.19902817904949188,0.13161535561084747,0.22840970754623413
1516,0.09651069343090057,0.20458096265792847,0.10249119251966476,0.19662123918533325
1517,0.08170711994171143,0.18737323582172394,0.101689912378788,0.19528116285800934
1518,0.0838216170668602,0.18907755613327026,0.07738466560840607,0.17648309469223022
1519,0.09177494049072266,0.20015722513198853,0.0748748928308487,0.17192256450653076
1520,0.10850163549184799,0.21445676684379578,0.0892382562160492,0.19718603789806366
1521,0.0792599469423294,0.18572495877742767,0.09969406574964523,0.19718486070632935
1522,0.08108876645565033,0.18726837635040283,0.15340662002563477,0.24947670102119446
1523,0.08780886232852936,0.19528774917125702,0.1678726077079773,0.2618664801120758
1524,0.08432170748710632,0.19360826909542084,0.11679917573928833,0.21674755215644836
1525,0.09426181763410568,0.20161087810993195,0.17511382699012756,0.27553796768188477
1526,0.08329181373119354,0.19059674441814423,0.08042508363723755,0.178389772772789
1527,0.08529293537139893,0.19452700018882751,0.1115918904542923,0.22068186104297638
1528,0.08636779338121414,0.19538159668445587,0.10120996832847595,0.21081115305423737
1529,0.08776886016130447,0.19814231991767883,0.10476872324943542,0.2000468671321869
1530,0.08220580220222473,0.18958976864814758,0.09833672642707825,0.20079876482486725
1531,0.08590752631425858,0.1939321607351303,0.08295042812824249,0.18244461715221405
1532,0.0862676203250885,0.19401170313358307,0.14510294795036316,0.24975287914276123
1533,0.07957623153924942,0.18586599826812744,0.12185786664485931,0.22368568181991577
1534,0.08643186092376709,0.19341939687728882,0.17290908098220825,0.27571332454681396
1535,0.09319549053907394,0.2016487866640091,0.15485504269599915,0.25077205896377563
1536,0.08224814385175705,0.18779894709587097,0.10891914367675781,0.20776185393333435
1537,0.08658893406391144,0.193174347281456,0.14473722875118256,0.2404530942440033
1538,0.10728804022073746,0.2135772407054901,0.15631723403930664,0.2615269124507904
1539,0.1020839735865593,0.21412219107151031,0.10085830092430115,0.1999213844537735
1540,0.08008109033107758,0.18596230447292328,0.10955207794904709,0.22004927694797516
1541,0.08960583060979843,0.1947581171989441,0.09096898138523102,0.19527022540569305
1542,0.08956024050712585,0.19542911648750305,0.1201927438378334,0.23582591116428375
1543,0.09107260406017303,0.1972130686044693,0.10064665228128433,0.21044549345970154
1544,0.09109868854284286,0.19941674172878265,0.13445565104484558,0.2400970160961151
1545,0.08665276318788528,0.19541127979755402,0.09538044780492783,0.19429773092269897
1546,0.08706609904766083,0.19388145208358765,0.09778042882680893,0.19916929304599762
1547,0.08918992429971695,0.1974598616361618,0.08880099654197693,0.18666444718837738
1548,0.09275259077548981,0.20048733055591583,0.07429301738739014,0.172017902135849
1549,0.09337112307548523,0.19948364794254303,0.07450177520513535,0.17190833389759064
1550,0.08857282996177673,0.19535976648330688,0.09268786013126373,0.19312860071659088
1551,0.08117841184139252,0.18598300218582153,0.11457749456167221,0.21331198513507843
1552,0.07978639006614685,0.18393951654434204,0.08860597759485245,0.18990693986415863
1553,0.0760389193892479,0.1805882751941681,0.07439548522233963,0.1713470220565796
1554,0.08209974318742752,0.18811120092868805,0.08818863332271576,0.18624788522720337
1555,0.08657210320234299,0.192361518740654,0.07472264021635056,0.1736634373664856
1556,0.0828281044960022,0.18764042854309082,0.07835632562637329,0.17800091207027435
1557,0.08365485817193985,0.18855835497379303,0.07844545692205429,0.17555290460586548
1558,0.08217678964138031,0.18639037013053894,0.0776253417134285,0.17651155591011047
1559,0.09191671013832092,0.1955428272485733,0.07360582798719406,0.17087741196155548
1560,0.08860962837934494,0.19360463321208954,0.07608281075954437,0.17459779977798462
1561,0.09917555004358292,0.20525644719600677,0.13039344549179077,0.22832508385181427
1562,0.0839817225933075,0.1895797699689865,0.12421105802059174,0.21731972694396973
1563,0.08250316232442856,0.18772687017917633,0.07973587512969971,0.17622342705726624
1564,0.09720636904239655,0.2030249536037445,0.13694621622562408,0.23235486447811127
1565,0.09575054049491882,0.20130805671215057,0.14783069491386414,0.2403600513935089
1566,0.09962216019630432,0.20629340410232544,0.10351786762475967,0.2040541023015976
1567,0.09587933123111725,0.20133350789546967,0.08979751169681549,0.1863204687833786
1568,0.09262068569660187,0.20021432638168335,0.09412530809640884,0.19869837164878845
1569,0.08744509518146515,0.19347767531871796,0.09184060245752335,0.19432111084461212
1570,0.09021177887916565,0.19535939395427704,0.14434203505516052,0.24908138811588287
1571,0.09086639434099197,0.19577407836914062,0.10846102237701416,0.20860105752944946
1572,0.09000668674707413,0.19501399993896484,0.11409199237823486,0.21789294481277466
1573,0.0930713415145874,0.19691535830497742,0.08080552518367767,0.17628605663776398
1574,0.09332682192325592,0.19773003458976746,0.0771956592798233,0.18125367164611816
1575,0.08460776507854462,0.18824288249015808,0.07384426891803741,0.17100514471530914
1576,0.08728718012571335,0.1904384046792984,0.10716772824525833,0.20436616241931915
1577,0.08424049615859985,0.18865562975406647,0.11703107506036758,0.21086186170578003
1578,0.084459088742733,0.1919904500246048,0.10323385149240494,0.19712629914283752
1579,0.08923223614692688,0.19621388614177704,0.19572725892066956,0.2765432894229889
1580,0.09811617434024811,0.2036770135164261,0.08875350654125214,0.18791688978672028
1581,0.08552815020084381,0.19086995720863342,0.11012595891952515,0.20506727695465088
1582,0.08027332276105881,0.1877671331167221,0.09617932140827179,0.19154588878154755
1583,0.08329129219055176,0.1904793232679367,0.09823749959468842,0.19410455226898193
1584,0.09288071095943451,0.2005782276391983,0.14293843507766724,0.2374456822872162
1585,0.087349072098732,0.19662803411483765,0.08494088053703308,0.18135440349578857
1586,0.0883084386587143,0.1984187513589859,0.12648704648017883,0.2181035429239273
1587,0.08636734634637833,0.19076041877269745,0.09203407168388367,0.19190789759159088
1588,0.08712403476238251,0.19382667541503906,0.09660349786281586,0.19410711526870728
1589,0.09035749733448029,0.19556422531604767,0.0762067511677742,0.1742982715368271
1590,0.09235032647848129,0.19724354147911072,0.07301411777734756,0.1697765737771988
1591,0.09967491775751114,0.20855595171451569,0.08229833841323853,0.17852021753787994
1592,0.08951450139284134,0.19495506584644318,0.1186704933643341,0.22085103392601013
1593,0.08880921453237534,0.1948518306016922,0.16542968153953552,0.2514667212963104
1594,0.09100411087274551,0.19816067814826965,0.18822632730007172,0.27700933814048767
1595,0.09874994307756424,0.20536555349826813,0.14590294659137726,0.24618326127529144
1596,0.11741578578948975,0.22479240596294403,0.1409977823495865,0.238274484872818
1597,0.09707251936197281,0.20457087457180023,0.1722348928451538,0.2645490765571594
1598,0.09985488653182983,0.20482219755649567,0.1865978091955185,0.2758031189441681
1599,0.09028127789497375,0.19521532952785492,0.15213322639465332,0.25067445635795593
1600,0.09575899690389633,0.20036041736602783,0.1065523624420166,0.20586615800857544
1601,0.09278739243745804,0.1969655454158783,0.08226477354764938,0.18383437395095825
1602,0.08526734262704849,0.18968582153320312,0.10700739920139313,0.2120063751935959
1603,0.09120739251375198,0.1974370926618576,0.09991718083620071,0.20360822975635529
1604,0.08761951327323914,0.19267702102661133,0.07261715829372406,0.16978496313095093
1605,0.08324071764945984,0.1876758486032486,0.07276909798383713,0.1698130965232849
1606,0.07506231963634491,0.1782168447971344,0.0917324647307396,0.18601831793785095
1607,0.08130662143230438,0.18507561087608337,0.10852373391389847,0.20523427426815033
1608,0.0806371420621872,0.18564589321613312,0.10720984637737274,0.20514574646949768
1609,0.09398332983255386,0.19909991323947906,0.1203523799777031,0.21813225746154785
1610,0.08731289952993393,0.1908995807170868,0.1697111576795578,0.2647128105163574
1611,0.09542988985776901,0.2004629224538803,0.18419340252876282,0.2785501182079315
1612,0.09288264065980911,0.19826504588127136,0.12231330573558807,0.21995601058006287
1613,0.09669719636440277,0.2015867680311203,0.21547861397266388,0.30393561720848083
1614,0.09674136340618134,0.20147541165351868,0.08609455823898315,0.18362389504909515
1615,0.09473973512649536,0.20113983750343323,0.08115540444850922,0.1820906549692154
1616,0.09765966236591339,0.20342525839805603,0.1016828790307045,0.20597580075263977
1617,0.0885910615324974,0.1943083107471466,0.087281234562397,0.1956561803817749
1618,0.09549763798713684,0.20029760897159576,0.08318880945444107,0.19128674268722534
1619,0.09492383897304535,0.20028644800186157,0.07325252145528793,0.17075522243976593
1620,0.08546686917543411,0.18942485749721527,0.0730668157339096,0.17034843564033508
1621,0.08457344025373459,0.1898464411497116,0.089510478079319,0.19110967218875885
1622,0.09276950359344482,0.19787567853927612,0.07901818305253983,0.17569606006145477
1623,0.0860605463385582,0.19066311419010162,0.08871300518512726,0.1886560171842575
1624,0.07810115069150925,0.18228648602962494,0.1007726863026619,0.20138375461101532
1625,0.08206530660390854,0.1868526190519333,0.08540291339159012,0.18288834393024445
1626,0.07683126628398895,0.18130597472190857,0.08606427162885666,0.18240974843502045
1627,0.08327437937259674,0.18991370499134064,0.15360760688781738,0.25890690088272095
1628,0.08006728440523148,0.18499557673931122,0.09693677723407745,0.20102527737617493
1629,0.08739307522773743,0.1931590586900711,0.10934178531169891,0.21072044968605042
1630,0.09477343410253525,0.20020167529582977,0.14453083276748657,0.2494589239358902
1631,0.09753614664077759,0.20518022775650024,0.09882476925849915,0.2013702243566513
1632,0.0971498191356659,0.20345962047576904,0.07606276124715805,0.17360778152942657
1633,0.09920888394117355,0.20649094879627228,0.09111455827951431,0.19211076200008392
1634,0.08587101846933365,0.19062091410160065,0.09884344786405563,0.19684293866157532
1635,0.08518268167972565,0.1908942461013794,0.1233692616224289,0.22410812973976135
1636,0.0995480865240097,0.20411111414432526,0.17842461168766022,0.2909507155418396
1637,0.0917736068367958,0.19741939008235931,0.09818920493125916,0.19411082565784454
1638,0.09010390937328339,0.19543497264385223,0.10843154788017273,0.21009469032287598
1639,0.09888239204883575,0.20570695400238037,0.18751251697540283,0.2822571098804474
1640,0.0954500064253807,0.20319312810897827,0.09057982265949249,0.18511265516281128
1641,0.1296093463897705,0.23398105800151825,0.25903671979904175,0.3454926609992981
1642,0.10455499589443207,0.20809121429920197,0.15743981301784515,0.26382750272750854
1643,0.10649584978818893,0.21270526945590973,0.11421200633049011,0.20772545039653778
1644,0.09896942973136902,0.2051064670085907,0.1173243299126625,0.2151043862104416
1645,0.09029265493154526,0.19629120826721191,0.10471093654632568,0.2028430998325348
1646,0.09223344177007675,0.1965477466583252,0.13592439889907837,0.23283424973487854
1647,0.09355245530605316,0.1978236883878708,0.07946065068244934,0.1795080155134201
1648,0.09412398934364319,0.20117178559303284,0.08513228595256805,0.18276795744895935
1649,0.08809809386730194,0.19548316299915314,0.14588211476802826,0.23593436181545258
1650,0.09215445816516876,0.19920827448368073,0.16067089140415192,0.2628854513168335
1651,0.10149279981851578,0.20706382393836975,0.18224655091762543,0.2683486044406891
1652,0.09422837197780609,0.20041419565677643,0.15231560170650482,0.2460344433784485
1653,0.08793821930885315,0.1942315697669983,0.1377350240945816,0.23184646666049957
1654,0.08509654551744461,0.18925809860229492,0.12071537971496582,0.22272273898124695
1655,0.08449062705039978,0.19067440927028656,0.10507450997829437,0.20376287400722504
1656,0.09460199624300003,0.19915497303009033,0.1767725795507431,0.2754037380218506
1657,0.07910291850566864,0.18457119166851044,0.10817959904670715,0.20237500965595245
1658,0.100372813642025,0.2052212655544281,0.07199576497077942,0.16801556944847107
1659,0.1210007444024086,0.22512786090373993,0.16765862703323364,0.2712157070636749
1660,0.10682801157236099,0.21293845772743225,0.14357715845108032,0.24096925556659698
1661,0.08573861420154572,0.19172421097755432,0.1501350700855255,0.24940024316310883
1662,0.09105292707681656,0.19538435339927673,0.17709586024284363,0.2769756615161896
1663,0.10872973501682281,0.21370430290699005,0.08402245491743088,0.18213964998722076
1664,0.10130278021097183,0.20639000833034515,0.07231181859970093,0.1684568077325821
1665,0.09180533140897751,0.1976729929447174,0.07878207415342331,0.17557057738304138
1666,0.09035540372133255,0.19661672413349152,0.10357752442359924,0.1995501071214676
1667,0.09823273122310638,0.20374906063079834,0.07132826000452042,0.16960395872592926
1668,0.08707747608423233,0.1920417696237564,0.10836818069219589,0.2066108137369156
1669,0.09155356138944626,0.197322815656662,0.07659918814897537,0.17135682702064514
1670,0.08143895119428635,0.1876138597726822,0.11328432708978653,0.20945389568805695
1671,0.08377613872289658,0.18896575272083282,0.08310723304748535,0.18393462896347046
1672,0.09273319691419601,0.19896148145198822,0.0792817696928978,0.1739947497844696
1673,0.1004982590675354,0.20766155421733856,0.16523334383964539,0.2615988254547119
1674,0.08904405683279037,0.1959560364484787,0.11947779357433319,0.21348777413368225
1675,0.0841364860534668,0.19154806435108185,0.0790194422006607,0.17451035976409912
1676,0.09950078278779984,0.2055630087852478,0.10498616099357605,0.20441098511219025
1677,0.09160834550857544,0.197809636592865,0.11607114970684052,0.22887559235095978
1678,0.09128925204277039,0.20001794397830963,0.07543269544839859,0.1740702986717224
1679,0.0831424817442894,0.19074410200119019,0.09926842898130417,0.20856063067913055
1680,0.08012039214372635,0.18906950950622559,0.08242504298686981,0.1842220574617386
1681,0.08520131558179855,0.1946687251329422,0.15877339243888855,0.2560601830482483
1682,0.08801577240228653,0.19693827629089355,0.1316467672586441,0.22405943274497986
1683,0.0934915691614151,0.20003025233745575,0.09676054865121841,0.19807101786136627
1684,0.09489394724369049,0.20177645981311798,0.09006641060113907,0.18913915753364563
1685,0.08486869186162949,0.19034112989902496,0.07282120734453201,0.17241248488426208
1686,0.08289146423339844,0.18868596851825714,0.09365974366664886,0.1970570981502533
1687,0.08955581486225128,0.19772936403751373,0.16107802093029022,0.24906881153583527
1688,0.08616023510694504,0.19157196581363678,0.08666308969259262,0.186477929353714
1689,0.08461196720600128,0.1889474242925644,0.14610067009925842,0.24307464063167572
1690,0.08493085950613022,0.18896038830280304,0.09171158820390701,0.18688873946666718
1691,0.07807495445013046,0.18257711827754974,0.07581190764904022,0.17581363022327423
1692,0.09901872277259827,0.20817197859287262,0.1801087111234665,0.26566413044929504
1693,0.1023038923740387,0.20839494466781616,0.13466382026672363,0.2506732642650604
1694,0.11739210039377213,0.22390258312225342,0.18274731934070587,0.2808305025100708
1695,0.10292797535657883,0.2135721743106842,0.09061140567064285,0.18496675789356232
1696,0.09026248008012772,0.19513866305351257,0.11014281958341599,0.22494205832481384
1697,0.08798500150442123,0.1949525624513626,0.08424722403287888,0.18080565333366394
1698,0.09212373942136765,0.19569090008735657,0.07646360248327255,0.17644457519054413
1699,0.08427744358778,0.19068379700183868,0.08450943976640701,0.17877185344696045
1700,0.0823071226477623,0.18759049475193024,0.08946595340967178,0.18584772944450378
1701,0.08792565017938614,0.1959957331418991,0.07285944372415543,0.1691015362739563
1702,0.08659542351961136,0.19341740012168884,0.08338974416255951,0.1807365119457245
1703,0.08633975684642792,0.19230040907859802,0.07183890044689178,0.1681184321641922
1704,0.09172467887401581,0.19697292149066925,0.07378784567117691,0.1717091202735901
1705,0.11416897922754288,0.21657045185565948,0.075218565762043,0.17361539602279663
1706,0.09391562640666962,0.19916711747646332,0.07660560309886932,0.17594194412231445
1707,0.09904147684574127,0.20269176363945007,0.09015130251646042,0.19382110238075256
1708,0.0996997207403183,0.2065255343914032,0.08146381378173828,0.18123987317085266
1709,0.08268377929925919,0.18787765502929688,0.07219529151916504,0.16731557250022888
1710,0.08794835209846497,0.1935039907693863,0.09444171190261841,0.19605137407779694
1711,0.07828023284673691,0.18194565176963806,0.08092781901359558,0.1774636209011078
1712,0.08125373721122742,0.18546223640441895,0.12602968513965607,0.23141175508499146
1713,0.08224812895059586,0.18518967926502228,0.09051664918661118,0.19046340882778168
1714,0.08328869193792343,0.18650418519973755,0.09761010855436325,0.20048397779464722
1715,0.10207219421863556,0.20686329901218414,0.1293621063232422,0.2337457835674286
1716,0.08901965618133545,0.19341833889484406,0.13054171204566956,0.23369351029396057
1717,0.08018237352371216,0.18471422791481018,0.11570745706558228,0.22473590075969696
1718,0.1127510592341423,0.21725991368293762,0.19712838530540466,0.3050279915332794
1719,0.09392724186182022,0.20111985504627228,0.1936441957950592,0.28400009870529175
1720,0.07537616044282913,0.1779363453388214,0.09716252982616425,0.1970774382352829
1721,0.1150919571518898,0.21969687938690186,0.2271181344985962,0.3214896619319916
1722,0.07762382924556732,0.1814250349998474,0.08631301671266556,0.18796572089195251
1723,0.08390427380800247,0.18796885013580322,0.0743616372346878,0.17318058013916016
1724,0.08459021151065826,0.18957889080047607,0.1452968567609787,0.2374620884656906
1725,0.09460591524839401,0.20184728503227234,0.13610079884529114,0.22785261273384094
1726,0.09166128933429718,0.19801802933216095,0.09661472588777542,0.19324490427970886
1727,0.0830533355474472,0.1892571598291397,0.1183619275689125,0.22058311104774475
1728,0.081690713763237,0.18688327074050903,0.12578178942203522,0.22690251469612122
1729,0.08341576159000397,0.18929219245910645,0.12498810142278671,0.23183928430080414
1730,0.07945216447114944,0.18463602662086487,0.09223106503486633,0.19300539791584015
1731,0.07912048697471619,0.18442168831825256,0.10319454967975616,0.20023125410079956
1732,0.0894985944032669,0.19665706157684326,0.08394419401884079,0.17894111573696136
1733,0.0939519852399826,0.20173688232898712,0.1072981208562851,0.20303072035312653
1734,0.08599945157766342,0.1921425461769104,0.10581076145172119,0.202479287981987
1735,0.08626645803451538,0.1922501027584076,0.09813523292541504,0.19679546356201172
1736,0.08239015936851501,0.18977783620357513,0.10815875977277756,0.20463597774505615
1737,0.07969542592763901,0.18584167957305908,0.07332881540060043,0.16931216418743134
1738,0.08535461127758026,0.19209399819374084,0.07640346139669418,0.1753430962562561
1739,0.11205202341079712,0.217070534825325,0.07452830672264099,0.16917189955711365
1740,0.08897192776203156,0.1941143125295639,0.07557770609855652,0.17551526427268982
1741,0.09974696487188339,0.2020060122013092,0.07144582271575928,0.16752156615257263
1742,0.08774062246084213,0.19213558733463287,0.0714317038655281,0.16627822816371918
1743,0.08476793020963669,0.18898256123065948,0.07812483608722687,0.18040227890014648
1744,0.09101957082748413,0.19499948620796204,0.08375171571969986,0.18298305571079254
1745,0.11344489455223083,0.2165260761976242,0.08200033754110336,0.18306301534175873
1746,0.11728733032941818,0.2185552418231964,0.09206071496009827,0.19236183166503906
1747,0.10868369042873383,0.21240383386611938,0.07253124564886093,0.1681312620639801
1748,0.08267469704151154,0.1870383769273758,0.0763203501701355,0.17783460021018982
1749,0.08085323870182037,0.18384724855422974,0.07496491819620132,0.16990190744400024
1750,0.0965699777007103,0.19972717761993408,0.06988517194986343,0.16597099602222443
1751,0.10021385550498962,0.20344845950603485,0.07225053012371063,0.17096060514450073
1752,0.10020442306995392,0.2030385583639145,0.08003605902194977,0.17874088883399963
1753,0.09968183189630508,0.2034730166196823,0.07113323360681534,0.16796067357063293
1754,0.1020326018333435,0.2056339532136917,0.07190276682376862,0.16912223398685455
1755,0.11216063052415848,0.21732474863529205,0.08356767892837524,0.1829742044210434
1756,0.11166224628686905,0.21396520733833313,0.08848269283771515,0.18787120282649994
1757,0.11368434131145477,0.21663686633110046,0.08186525106430054,0.18016400933265686
1758,0.08882323652505875,0.19340121746063232,0.07209011912345886,0.16924260556697845
1759,0.08320626616477966,0.1877172738313675,0.07635622471570969,0.17449906468391418
1760,0.08465950191020966,0.18876874446868896,0.0742645412683487,0.16867563128471375
1761,0.07363764196634293,0.17662976682186127,0.07396546006202698,0.1698630452156067
1762,0.08355069905519485,0.1897614300251007,0.07147005945444107,0.16646447777748108
1763,0.08551471680402756,0.19341428577899933,0.08137598633766174,0.1806597113609314
1764,0.09725342690944672,0.20329247415065765,0.07547200471162796,0.17389830946922302
1765,0.09296364337205887,0.19836024940013885,0.07250098884105682,0.16997624933719635
1766,0.09781011939048767,0.2025914490222931,0.07104238122701645,0.16832950711250305
1767,0.09034735709428787,0.1944444179534912,0.08015993982553482,0.1790255755186081
1768,0.10737500339746475,0.21120963990688324,0.08131787925958633,0.18120911717414856
1769,0.10370389372110367,0.20739689469337463,0.06983307003974915,0.16567064821720123
1770,0.08366160839796066,0.1871236115694046,0.07680341601371765,0.17482447624206543
1771,0.09285243600606918,0.19663938879966736,0.07720912992954254,0.17601905763149261
1772,0.08980158716440201,0.1936454474925995,0.07463105767965317,0.17435115575790405
1773,0.0938163623213768,0.1966019868850708,0.07199618220329285,0.1715971827507019
1774,0.08900332450866699,0.19289222359657288,0.07079901546239853,0.16918279230594635
1775,0.09903290122747421,0.20220105350017548,0.07041645050048828,0.16871218383312225
1776,0.0879075899720192,0.19186148047447205,0.0746496245265007,0.1794428825378418
1777,0.08294577151536942,0.18678776919841766,0.07339157164096832,0.17074483633041382
1778,0.09402082860469818,0.19689898192882538,0.07277248054742813,0.17446696758270264
1779,0.08157087862491608,0.18588018417358398,0.07680992782115936,0.1814115345478058
1780,0.08909992128610611,0.19366668164730072,0.10940719395875931,0.21239547431468964
1781,0.0820818766951561,0.18714088201522827,0.13877686858177185,0.23874129354953766
1782,0.08162359148263931,0.18703633546829224,0.0789562463760376,0.1793832778930664
1783,0.08114731311798096,0.18578165769577026,0.13367952406406403,0.24590137600898743
1784,0.08136802166700363,0.18536798655986786,0.07202601432800293,0.17301566898822784
1785,0.08950953930616379,0.19330361485481262,0.13546769320964813,0.23760715126991272
1786,0.08984841406345367,0.1927325576543808,0.11029873043298721,0.2180173099040985
1787,0.09150262176990509,0.1942235678434372,0.13486835360527039,0.24290822446346283
1788,0.07980044186115265,0.1820841282606125,0.0947614312171936,0.1917240023612976
1789,0.08102971315383911,0.1853598803281784,0.08306492865085602,0.17820194363594055
1790,0.07967483252286911,0.18350529670715332,0.07012941688299179,0.16686736047267914
1791,0.08526705205440521,0.18982410430908203,0.0943204015493393,0.19571037590503693
1792,0.08602358400821686,0.18958964943885803,0.08020231872797012,0.17726200819015503
1793,0.0836392417550087,0.18677935004234314,0.07035534083843231,0.16811004281044006
1794,0.08629028499126434,0.18896755576133728,0.07769652456045151,0.17629526555538177
1795,0.11570363491773605,0.21676865220069885,0.0720868781208992,0.16997815668582916
1796,0.09407990425825119,0.19913442432880402,0.07170858979225159,0.16978038847446442
1797,0.08334732055664062,0.1868070811033249,0.07104842364788055,0.16771112382411957
1798,0.0862179771065712,0.1885967254638672,0.08233581483364105,0.18290947377681732
1799,0.11128057539463043,0.2123401165008545,0.0710502415895462,0.16579890251159668
1800,0.0822610855102539,0.18874505162239075,0.06961436569690704,0.1650407314300537
1801,0.08267972618341446,0.18677835166454315,0.07193335145711899,0.16871118545532227
1802,0.09234440326690674,0.19596081972122192,0.07250247895717621,0.16955189406871796
1803,0.10148142278194427,0.20562341809272766,0.07338164001703262,0.17166684567928314
1804,0.10495219379663467,0.20921024680137634,0.06972846388816833,0.16450168192386627
1805,0.09111128747463226,0.20013803243637085,0.07239408046007156,0.17204448580741882
1806,0.08399725705385208,0.18934637308120728,0.07826083898544312,0.17653870582580566
1807,0.09225597977638245,0.19956783950328827,0.08326710015535355,0.18486879765987396
1808,0.08280676603317261,0.19045035541057587,0.08572151511907578,0.19194647669792175
1809,0.09596900641918182,0.2057245671749115,0.07522553950548172,0.17944879829883575
1810,0.09367663413286209,0.1998778134584427,0.07575451582670212,0.17408500611782074
1811,0.09589680284261703,0.20761047303676605,0.07103893905878067,0.1658720225095749
1812,0.07695727795362473,0.18315060436725616,0.06957412511110306,0.1651029884815216
1813,0.0748724639415741,0.1835423856973648,0.08753618597984314,0.18282273411750793
1814,0.08196622133255005,0.18936266005039215,0.09067635238170624,0.1888391524553299
1815,0.08704206347465515,0.19509437680244446,0.0703292265534401,0.16961798071861267
1816,0.0854787603020668,0.19313213229179382,0.07238221913576126,0.17593052983283997
1817,0.07739219814538956,0.18438121676445007,0.07134166359901428,0.17079612612724304
1818,0.08441101014614105,0.19065220654010773,0.07232961058616638,0.16959650814533234
1819,0.08500531315803528,0.19170202314853668,0.0720260739326477,0.1686830371618271
1820,0.08425192534923553,0.19290030002593994,0.07125191390514374,0.1675224006175995
1821,0.07794548571109772,0.18605436384677887,0.08535285294055939,0.18053600192070007
1822,0.08303453028202057,0.19073361158370972,0.11464992165565491,0.2162581980228424
1823,0.09548850357532501,0.2037680596113205,0.09087049961090088,0.18642602860927582
1824,0.10598956048488617,0.21202677488327026,0.08684143424034119,0.1811080425977707
1825,0.0822460800409317,0.18899063766002655,0.09730847179889679,0.1992999017238617
1826,0.07980788499116898,0.18717481195926666,0.10950197279453278,0.20496481657028198
1827,0.08282513916492462,0.18949797749519348,0.11774848401546478,0.21655789017677307
1828,0.08178381621837616,0.18850278854370117,0.1108543649315834,0.20522476732730865
1829,0.07957300543785095,0.18672941625118256,0.0748104453086853,0.1688966304063797
1830,0.09100346267223358,0.19703570008277893,0.07073628157377243,0.16484753787517548
1831,0.0814194604754448,0.18841761350631714,0.07249270379543304,0.169547438621521
1832,0.08929315209388733,0.1953488290309906,0.07063353061676025,0.16636346280574799
1833,0.0793069526553154,0.18589846789836884,0.08740644156932831,0.1957874745130539
1834,0.11023855209350586,0.2182554453611374,0.08886373788118362,0.18735560774803162
1835,0.08352071791887283,0.1899866908788681,0.07979066669940948,0.18097935616970062
1836,0.08395317196846008,0.1903451532125473,0.09484552592039108,0.1922874003648758
1837,0.08829274773597717,0.1949291080236435,0.0902722179889679,0.18968632817268372
1838,0.08027704805135727,0.1858663111925125,0.08427368104457855,0.1801299899816513
1839,0.07881749421358109,0.18404117226600647,0.07121331989765167,0.16989371180534363
1840,0.0774090513586998,0.1822524219751358,0.07203882932662964,0.16683842241764069
1841,0.0775977075099945,0.1835210770368576,0.06945206969976425,0.16499044001102448
1842,0.08029688149690628,0.18593871593475342,0.06875839829444885,0.1643684357404709
1843,0.11083198338747025,0.216627299785614,0.10326271504163742,0.20799873769283295
1844,0.10701784491539001,0.21001727879047394,0.07034911215305328,0.1683613508939743
1845,0.09235254675149918,0.20201481878757477,0.07470747828483582,0.17792068421840668
1846,0.08632224798202515,0.1969173401594162,0.07571090012788773,0.17054113745689392
1847,0.08402837067842484,0.1918153613805771,0.07104914635419846,0.1680285781621933
1848,0.08238724619150162,0.19224447011947632,0.08760683238506317,0.180881068110466
1849,0.07235395163297653,0.17826345562934875,0.07247450202703476,0.1689450740814209
1850,0.08195412904024124,0.19386866688728333,0.07446500658988953,0.17408959567546844
1851,0.08234063535928726,0.19034646451473236,0.10669262707233429,0.20373325049877167
1852,0.08057232946157455,0.19062253832817078,0.07537048310041428,0.17392182350158691
1853,0.0795673131942749,0.18804334104061127,0.07702085375785828,0.17974838614463806
1854,0.0775628313422203,0.1852322816848755,0.07680073380470276,0.18378567695617676
1855,0.08022203296422958,0.18803003430366516,0.08498711884021759,0.19915136694908142
1856,0.07900159060955048,0.18513555824756622,0.0798615962266922,0.19017894566059113
1857,0.09227842092514038,0.20359447598457336,0.0954115241765976,0.19153457880020142
1858,0.08368740975856781,0.19293338060379028,0.08175308257341385,0.17947764694690704
1859,0.08797300606966019,0.19796612858772278,0.06921475380659103,0.1671043485403061
1860,0.09514036774635315,0.2064030021429062,0.07611244171857834,0.17177879810333252
1861,0.08474639803171158,0.1934369057416916,0.07038921862840652,0.16724412143230438
1862,0.07856274396181107,0.1871686726808548,0.07703103125095367,0.1817817986011505
1863,0.12000125646591187,0.22258803248405457,0.07108091562986374,0.170170396566391
1864,0.08785053342580795,0.19699141383171082,0.07900048047304153,0.17748811841011047
1865,0.10748261958360672,0.21729809045791626,0.07040295749902725,0.16775476932525635
1866,0.0934368222951889,0.20260106027126312,0.07261072099208832,0.1738126575946808
1867,0.08663260191679001,0.19616644084453583,0.07961148023605347,0.18385683000087738
1868,0.1069905236363411,0.21524429321289062,0.07132124900817871,0.16585473716259003
1869,0.08552137017250061,0.19267617166042328,0.10928187519311905,0.20531344413757324
1870,0.07997028529644012,0.18763679265975952,0.08385352045297623,0.1780603677034378
1871,0.0848531648516655,0.1925087720155716,0.07008993625640869,0.16716980934143066
1872,0.07464364916086197,0.18049733340740204,0.06904639303684235,0.16501972079277039
1873,0.09415312111377716,0.19893667101860046,0.09507711976766586,0.2053293138742447
1874,0.11626317352056503,0.22114619612693787,0.0916469395160675,0.19455574452877045
1875,0.11696307361125946,0.22184883058071136,0.07153615355491638,0.16986173391342163
1876,0.09011007100343704,0.1958996057510376,0.07590560615062714,0.1709718108177185
1877,0.08386963605880737,0.18963906168937683,0.0846140906214714,0.17902487516403198
1878,0.07548623532056808,0.1807655692100525,0.10763175040483475,0.2014165222644806
1879,0.07503689080476761,0.1799062043428421,0.08892744034528732,0.18405036628246307
1880,0.0743943378329277,0.180228590965271,0.09485360234975815,0.18933501839637756
1881,0.07308454066514969,0.1782071888446808,0.0848923996090889,0.17922727763652802
1882,0.07922939211130142,0.1842150241136551,0.08946076780557632,0.18515878915786743
1883,0.08043848723173141,0.1851707547903061,0.08439565449953079,0.18183010816574097
1884,0.07813005149364471,0.18040727078914642,0.07389002293348312,0.17143191397190094
1885,0.07402752339839935,0.1753510683774948,0.07064447551965714,0.16600441932678223
1886,0.0819418728351593,0.18464423716068268,0.07072065770626068,0.1691092550754547
1887,0.07718486338853836,0.17914649844169617,0.0705239474773407,0.1659056395292282
1888,0.07936114072799683,0.18254666030406952,0.07826433330774307,0.17367208003997803
1889,0.07900906354188919,0.1830800473690033,0.09422779083251953,0.19722391664981842
1890,0.07556945085525513,0.1791098415851593,0.12157873064279556,0.21881817281246185
1891,0.08662450313568115,0.192696675658226,0.09072788059711456,0.19029855728149414
1892,0.07591661065816879,0.17927265167236328,0.07340963929891586,0.16765464842319489
1893,0.08104654401540756,0.18524423241615295,0.0693545788526535,0.16881975531578064
1894,0.07493454217910767,0.1776958853006363,0.07542961835861206,0.17185497283935547
1895,0.07625606656074524,0.17969486117362976,0.08708614110946655,0.18137198686599731
1896,0.07982292771339417,0.18504716455936432,0.10416045039892197,0.19929155707359314
1897,0.07812953740358353,0.18364624679088593,0.10553005337715149,0.20178145170211792
1898,0.07961933314800262,0.18382255733013153,0.12284072488546371,0.22047735750675201
1899,0.07486113905906677,0.18023113906383514,0.07294631749391556,0.16715079545974731
1900,0.08660093694925308,0.19250479340553284,0.06933657824993134,0.16567383706569672
1901,0.08716775476932526,0.19236835837364197,0.0693773478269577,0.16535456478595734
1902,0.09372729808092117,0.19706836342811584,0.06899275630712509,0.16492438316345215
1903,0.08306432515382767,0.18738657236099243,0.07117955386638641,0.16789741814136505
1904,0.08308703452348709,0.1881299614906311,0.07200384885072708,0.1693762093782425
1905,0.08384577184915543,0.18811841309070587,0.0681709423661232,0.16363908350467682
1906,0.08314134925603867,0.18729545176029205,0.0747556984424591,0.17343488335609436
1907,0.0883265808224678,0.19264081120491028,0.07324612885713577,0.17175042629241943
1908,0.09658762067556381,0.2004464864730835,0.07334548979997635,0.1720532327890396
1909,0.1006610244512558,0.20733599364757538,0.07345724105834961,0.17463365197181702
1910,0.10414938628673553,0.2081032544374466,0.08874467015266418,0.1921350657939911
1911,0.13242340087890625,0.23368078470230103,0.08020221441984177,0.1813567876815796
1912,0.0983167514204979,0.20225366950035095,0.0753340944647789,0.1688104271888733
1913,0.09639504551887512,0.2000594288110733,0.08490632474422455,0.1773093193769455
1914,0.09660955518484116,0.20119373500347137,0.07296036928892136,0.16831621527671814
1915,0.09443078190088272,0.1979050487279892,0.07668310403823853,0.18206888437271118
1916,0.1082787737250328,0.21521826088428497,0.07957403361797333,0.18103209137916565
1917,0.12134999781847,0.22281266748905182,0.08121821284294128,0.1863330453634262
1918,0.09522813558578491,0.20027901232242584,0.07108795642852783,0.16888152062892914
1919,0.1019132062792778,0.20557653903961182,0.0693504586815834,0.16481563448905945
1920,0.09603456407785416,0.19835443794727325,0.06901095062494278,0.1648876816034317
1921,0.07466895133256912,0.1768026202917099,0.06998156756162643,0.167153999209404
1922,0.08638448268175125,0.1907009333372116,0.08285390585660934,0.17857632040977478
1923,0.07805205136537552,0.18143565952777863,0.07518771290779114,0.1734773814678192
1924,0.07891570776700974,0.1830766797065735,0.08336532860994339,0.17850622534751892
1925,0.07848712056875229,0.18301819264888763,0.06918773800134659,0.1643071323633194
1926,0.09085904806852341,0.19563432037830353,0.07153237611055374,0.1703396886587143
1927,0.08282042294740677,0.18645787239074707,0.07172317057847977,0.16671480238437653
1928,0.0863596647977829,0.19291752576828003,0.07445251196622849,0.16826283931732178
1929,0.07602469623088837,0.18173235654830933,0.09401755779981613,0.19026939570903778
1930,0.08158695697784424,0.18671990931034088,0.06776771694421768,0.16330869495868683
1931,0.0793328806757927,0.18369606137275696,0.08512438088655472,0.18056432902812958
1932,0.08325061947107315,0.18607556819915771,0.0749334990978241,0.17292799055576324
1933,0.07426449656486511,0.1773824393749237,0.07111161947250366,0.16774843633174896
1934,0.10695059597492218,0.2113686352968216,0.08515873551368713,0.1872209757566452
1935,0.08059797435998917,0.18376503884792328,0.07836712896823883,0.17572586238384247
1936,0.0732051432132721,0.17574413120746613,0.11042607575654984,0.21287471055984497
1937,0.07945593446493149,0.18244856595993042,0.13757286965847015,0.23994874954223633
1938,0.08257019519805908,0.18441271781921387,0.07409261912107468,0.17037329077720642
1939,0.07614930719137192,0.1799120455980301,0.08071035891771317,0.17578256130218506
1940,0.0757928192615509,0.1788165420293808,0.07714130729436874,0.17629790306091309
1941,0.07555227726697922,0.17851108312606812,0.07133705914020538,0.16554541885852814
1942,0.07735593616962433,0.18035060167312622,0.07532034814357758,0.1713564544916153
1943,0.10969956964254379,0.21343593299388885,0.07550095021724701,0.17144864797592163
1944,0.08551091700792313,0.19059759378433228,0.0846276506781578,0.1813635230064392
1945,0.09229793399572372,0.19945769011974335,0.08698784559965134,0.18381652235984802
1946,0.08694329857826233,0.19383180141448975,0.08604888617992401,0.18854425847530365
1947,0.09120354801416397,0.19795021414756775,0.06731492280960083,0.1621568351984024
1948,0.07507428526878357,0.17898474633693695,0.10562928020954132,0.20073184370994568
1949,0.07607023417949677,0.1796453297138214,0.09725325554609299,0.1984603852033615
1950,0.08921647071838379,0.195863738656044,0.12090204656124115,0.22579944133758545
1951,0.08235237747430801,0.18657845258712769,0.06819354742765427,0.1630665361881256
1952,0.07462970912456512,0.17765066027641296,0.08590661734342575,0.18388482928276062
1953,0.07791652530431747,0.18341411650180817,0.07920988649129868,0.1797105222940445
1954,0.07489941269159317,0.1793062686920166,0.07349738478660583,0.1719306856393814
1955,0.07278522849082947,0.17599287629127502,0.06854297965765,0.1636616736650467
1956,0.07876396179199219,0.1842801868915558,0.0683305487036705,0.16481542587280273
1957,0.081495001912117,0.1870713233947754,0.06735161691904068,0.1624150425195694
1958,0.08900410681962967,0.19482648372650146,0.07396002858877182,0.17135927081108093
1959,0.09318990260362625,0.1986824870109558,0.07961289584636688,0.1782529056072235
1960,0.0996321439743042,0.20543061196804047,0.06757066398859024,0.16272252798080444
1961,0.0831897184252739,0.19039729237556458,0.06770364195108414,0.16279788315296173
1962,0.08587810397148132,0.19198673963546753,0.07417895644903183,0.17143286764621735
1963,0.09597063064575195,0.20237796008586884,0.07585324347019196,0.17472754418849945
1964,0.10439188033342361,0.20890000462532043,0.06809759885072708,0.16356231272220612
1965,0.07930610328912735,0.1841372698545456,0.06779493391513824,0.16387583315372467
1966,0.07392864674329758,0.17949619889259338,0.06853386759757996,0.16635054349899292
1967,0.08125412464141846,0.18709170818328857,0.08001826703548431,0.18177632987499237
1968,0.07896823436021805,0.18432526290416718,0.07365226000547409,0.17702652513980865
1969,0.07414469122886658,0.17760932445526123,0.08185794949531555,0.1808430403470993
1970,0.07928796112537384,0.1823582798242569,0.07434168457984924,0.17203283309936523
1971,0.08512827754020691,0.18980197608470917,0.07413728535175323,0.17040112614631653
1972,0.07956480234861374,0.18446840345859528,0.07543229311704636,0.17052222788333893
1973,0.07573802024126053,0.17914481461048126,0.06777609884738922,0.16252563893795013
1974,0.0771399661898613,0.18002960085868835,0.067291259765625,0.1638968586921692
1975,0.07601765543222427,0.17883846163749695,0.0686163604259491,0.1663493663072586
1976,0.08769645541906357,0.19187606871128082,0.07050919532775879,0.16788920760154724
1977,0.09241662919521332,0.1971653401851654,0.07397856563329697,0.17330889403820038
1978,0.07950294017791748,0.18420207500457764,0.07075906544923782,0.16894659399986267
1979,0.08513545244932175,0.19072574377059937,0.07845178246498108,0.18146955966949463
1980,0.09070807695388794,0.1955474317073822,0.06937811523675919,0.16850389540195465
1981,0.07756084948778152,0.18257535994052887,0.07425076514482498,0.18032386898994446
1982,0.07966084033250809,0.18743419647216797,0.07001835852861404,0.16701681911945343
1983,0.08041935414075851,0.1842285692691803,0.07273982465267181,0.16680091619491577
1984,0.08163200318813324,0.18780891597270966,0.0693838894367218,0.16375376284122467
1985,0.07582272589206696,0.18094006180763245,0.06792258471250534,0.16211427748203278
1986,0.08325725793838501,0.19158431887626648,0.07377465814352036,0.16779303550720215
1987,0.07624151557683945,0.18156002461910248,0.07061140984296799,0.17000018060207367
1988,0.07725516706705093,0.18052071332931519,0.07817183434963226,0.17703475058078766
1989,0.09079539775848389,0.1942444145679474,0.06748548895120621,0.16269655525684357
1990,0.07278107106685638,0.17631839215755463,0.07887433469295502,0.1732955127954483
1991,0.0765027105808258,0.18188327550888062,0.06906642764806747,0.16477537155151367
1992,0.07541375607252121,0.1781061440706253,0.07341978698968887,0.17223429679870605
1993,0.08025262504816055,0.18399840593338013,0.06940502673387527,0.1642923653125763
1994,0.07456860691308975,0.17741742730140686,0.06718222051858902,0.16113799810409546
1995,0.0765635222196579,0.17989419400691986,0.06853456050157547,0.16451486945152283
1996,0.08336066454648972,0.18602070212364197,0.06948104500770569,0.1653452068567276
1997,0.08055984228849411,0.18481473624706268,0.0759296715259552,0.17463338375091553
1998,0.1270168423652649,0.22662678360939026,0.07895899564027786,0.1908711940050125
1999,0.0918889194726944,0.1968979686498642,0.07381346076726913,0.1719897985458374
