epoch,loss,mae,val_loss,val_mae
0,1023.1361083984375,19.130535125732422,116.20158386230469,7.926373481750488
1,94.65523529052734,7.219537734985352,71.62320709228516,6.181965351104736
2,52.43149948120117,5.512898921966553,49.324398040771484,5.3323564529418945
3,47.28537368774414,5.36656379699707,47.41275405883789,5.344942092895508
4,46.228363037109375,5.319966793060303,48.65056610107422,5.3324384689331055
5,45.69268035888672,5.289608955383301,47.51557922363281,5.300297260284424
6,44.719520568847656,5.236934185028076,45.235877990722656,5.283095836639404
7,44.1674919128418,5.209606647491455,44.83082962036133,5.292123794555664
8,44.406253814697266,5.23667049407959,44.97553634643555,5.243338108062744
9,43.674957275390625,5.187802791595459,44.11100769042969,5.225492000579834
10,43.354618072509766,5.169613838195801,45.193965911865234,5.293559551239014
11,43.41883850097656,5.180799961090088,44.63414001464844,5.253968238830566
12,42.93568420410156,5.148281574249268,43.92340087890625,5.199815273284912
13,42.32424545288086,5.106283187866211,42.83647537231445,5.109786033630371
14,41.97559356689453,5.092540264129639,43.761573791503906,5.201737403869629
15,40.74972915649414,5.027790069580078,41.94396209716797,5.1034464836120605
16,125.65282440185547,7.993411064147949,131.32177734375,8.935778617858887
17,45.15973663330078,4.996637344360352,18.10232162475586,3.290315628051758
18,13.669173240661621,2.7925734519958496,7.94649076461792,2.041952133178711
19,6.630885124206543,1.8996148109436035,4.515193462371826,1.5055121183395386
20,4.54733419418335,1.5540436506271362,4.53223180770874,1.660819411277771
21,3.4948034286499023,1.3370689153671265,3.8083558082580566,1.5376313924789429
22,3.397667169570923,1.3446900844573975,2.145843505859375,1.0278806686401367
23,2.254666805267334,1.0670053958892822,1.6196649074554443,0.8857503533363342
24,2.2496469020843506,1.0661778450012207,1.437941312789917,0.8352311253547668
25,2.025465250015259,1.0123776197433472,1.4075309038162231,0.8300854563713074
26,1.8441447019577026,0.9681759476661682,1.799493432044983,0.9485068917274475
27,1.7146427631378174,0.9319261908531189,1.1848580837249756,0.7632268667221069
28,1.6675089597702026,0.9159849882125854,1.176857590675354,0.7618698477745056
29,1.5916277170181274,0.8953666090965271,1.1103167533874512,0.7398517727851868
30,1.5445263385772705,0.8852361440658569,1.0844206809997559,0.7445623278617859
31,1.3106369972229004,0.8130437731742859,1.6742757558822632,0.9322179555892944
32,1.44596266746521,0.8581537008285522,1.0431162118911743,0.7215518355369568
33,1.3327789306640625,0.8255420923233032,1.404948353767395,0.8435214757919312
34,1.3175804615020752,0.8164787888526917,1.3120853900909424,0.8145502209663391
35,1.3433003425598145,0.8214942216873169,0.9817928075790405,0.7323904037475586
36,1.233302354812622,0.7894297242164612,1.0384483337402344,0.719976007938385
37,1.125482439994812,0.7526965141296387,1.3782113790512085,0.833512008190155
38,1.1833834648132324,0.7738803029060364,1.1367406845092773,0.7534022331237793
39,1.1299973726272583,0.7537916302680969,1.0677818059921265,0.7291848659515381
40,1.2808349132537842,0.7891607880592346,1.4094903469085693,0.8994268774986267
41,1.010155439376831,0.7167167663574219,0.7750099301338196,0.6245728731155396
42,0.9850376844406128,0.706579864025116,0.8647300601005554,0.6593175530433655
43,0.9822072386741638,0.7052170634269714,1.0554649829864502,0.7290133237838745
44,1.0218390226364136,0.7194042205810547,0.8038455843925476,0.6391677856445312
45,0.949453592300415,0.693004310131073,0.8298744559288025,0.6450211405754089
46,0.8987400531768799,0.6763256192207336,0.8452140688896179,0.652931809425354
47,0.9596179723739624,0.6938807964324951,0.7619104385375977,0.6206909418106079
48,0.8706484436988831,0.6638110280036926,0.9071149826049805,0.6787295937538147
49,0.9338085651397705,0.6872596144676208,0.7114719748497009,0.6100168228149414
50,0.8914742469787598,0.6742331981658936,0.7337102293968201,0.6096815466880798
51,0.8742380142211914,0.6651992797851562,0.6865295171737671,0.5903674960136414
52,0.7914713025093079,0.6344950199127197,0.8237743377685547,0.6500086784362793
53,0.891539454460144,0.6735888719558716,0.7132685780525208,0.6127803325653076
54,0.8666219711303711,0.662467896938324,0.6936053037643433,0.6002774238586426
55,0.8073484897613525,0.6407241225242615,0.6719536185264587,0.5805753469467163
56,0.7990450859069824,0.6384721994400024,0.7201465368270874,0.6026332378387451
57,0.8499716520309448,0.6547209024429321,0.7014073729515076,0.6057826280593872
58,0.7676953077316284,0.6246387958526611,0.6600976586341858,0.5741227865219116
59,0.7701471447944641,0.626448392868042,0.7059839367866516,0.5962375998497009
60,0.7692621946334839,0.6260111331939697,0.6373146176338196,0.5626928210258484
61,0.7498459219932556,0.6179076433181763,0.6175259351730347,0.5527165532112122
62,0.7297055721282959,0.6084701418876648,0.9070314764976501,0.6874024271965027
63,0.8399097919464111,0.6555187702178955,0.6634430289268494,0.5887295603752136
64,0.733292281627655,0.6102246046066284,0.6031374335289001,0.5503484010696411
65,0.7194260954856873,0.6044773459434509,0.603971004486084,0.548542857170105
66,0.6855895519256592,0.5869719982147217,0.7632838487625122,0.6283972263336182
67,0.7123658061027527,0.6007543206214905,0.6424176096916199,0.5691439509391785
68,0.7021401524543762,0.5963738560676575,0.7480353713035583,0.6221333146095276
69,0.7339524626731873,0.6125364899635315,0.6524018049240112,0.574083149433136
70,0.7493867874145508,0.6189491152763367,0.5878856182098389,0.5409734845161438
71,0.648585855960846,0.5708190202713013,0.5965486168861389,0.5462954640388489
72,0.655619740486145,0.574905514717102,0.6423248052597046,0.5702235102653503
73,0.6680698394775391,0.5807638764381409,0.6014764904975891,0.54734206199646
74,0.6750889420509338,0.5837143659591675,0.5813831090927124,0.5324146747589111
75,0.6576433181762695,0.5748432874679565,0.6244010329246521,0.5587833523750305
76,0.6383781433105469,0.5674203634262085,0.5628823041915894,0.5222808718681335
77,0.619715690612793,0.5576785802841187,0.5890129208564758,0.5396546125411987
78,0.6731460690498352,0.5841732621192932,0.5599831342697144,0.5241626501083374
79,0.6618903279304504,0.5777149200439453,0.563799262046814,0.5290008187294006
80,0.6210077404975891,0.5564717650413513,0.5565203428268433,0.5192418694496155
81,0.6183424592018127,0.555838406085968,0.6211420297622681,0.560109555721283
82,0.6659897565841675,0.5804827809333801,0.5744362473487854,0.5339098572731018
83,0.6630933284759521,0.5790810585021973,0.5494278073310852,0.5160674452781677
84,0.6276882290840149,0.5600916147232056,0.5769919157028198,0.5349743366241455
85,0.6246451735496521,0.5605356693267822,0.5473636388778687,0.5146715641021729
86,0.6141007542610168,0.5534244179725647,0.5465841889381409,0.51458340883255
87,0.6064549088478088,0.5488487482070923,0.5587148070335388,0.5236364603042603
88,0.5938444137573242,0.5434393882751465,0.5696895718574524,0.5293101668357849
89,0.6333752870559692,0.5657062530517578,0.5382145047187805,0.5100250244140625
90,0.5929412245750427,0.5426337122917175,0.5393444895744324,0.5088896155357361
91,0.5945595502853394,0.5441985726356506,0.5374061465263367,0.5079790353775024
92,0.5836153030395508,0.5378775596618652,0.5423672199249268,0.5146167278289795
93,0.5873343348503113,0.539808988571167,0.5487295389175415,0.5169910788536072
94,0.5903140306472778,0.5420535206794739,0.5382183194160461,0.5105910897254944
95,0.6027264595031738,0.5498383045196533,0.539827823638916,0.5098839998245239
96,0.6076218485832214,0.5531258583068848,0.5267685055732727,0.5017797350883484
97,0.5799363851547241,0.5359206795692444,0.5568358302116394,0.5256041884422302
98,0.5740817189216614,0.5332050323486328,0.5781589150428772,0.5375592708587646
99,0.6062135100364685,0.5496224761009216,0.5448533892631531,0.5162614583969116
100,0.5826935172080994,0.539160430431366,0.5508213043212891,0.5191900730133057
101,0.6680793166160583,0.5836629867553711,0.5394073128700256,0.5124262571334839
102,0.5882959961891174,0.5421565175056458,0.5279387831687927,0.5062557458877563
103,0.5747369527816772,0.5340583324432373,0.5535359382629395,0.5219602584838867
104,0.5663461089134216,0.5292073488235474,0.5286727547645569,0.5053595304489136
105,0.5603645443916321,0.5262891054153442,0.5862093567848206,0.5437310338020325
106,0.5935950875282288,0.5459886193275452,0.5150123238563538,0.49347150325775146
107,0.5462945699691772,0.5168577432632446,0.5200810432434082,0.497209757566452
108,0.5717313289642334,0.5336861610412598,0.5229365229606628,0.5019275546073914
109,0.5478878021240234,0.5181140899658203,0.5302509069442749,0.5051223039627075
110,0.5559307336807251,0.5241546630859375,0.5153412222862244,0.49376893043518066
111,0.5612658858299255,0.5271335244178772,0.5360301733016968,0.5094101428985596
112,0.5650500655174255,0.5296552777290344,0.5219429135322571,0.4996144771575928
113,0.6003900170326233,0.5514265298843384,0.513653039932251,0.4931190311908722
114,0.5419442653656006,0.5144478678703308,0.5279073119163513,0.5040008425712585
115,0.5699803829193115,0.5326793789863586,0.5070356130599976,0.4885260760784149
116,0.5197500586509705,0.5003682374954224,0.528620719909668,0.5060350298881531
117,0.5789328813552856,0.5388602614402771,0.5493413805961609,0.521401047706604
118,0.5242005586624146,0.5038987994194031,0.5070040822029114,0.4899578392505646
119,0.5439380407333374,0.517688512802124,0.5040906667709351,0.48714712262153625
120,0.5311375856399536,0.5087645053863525,0.5040378570556641,0.48670342564582825
121,0.5276906490325928,0.5062209367752075,0.5184748768806458,0.4988086223602295
122,0.544409990310669,0.5177276134490967,0.5295567512512207,0.506510853767395
123,0.5583446025848389,0.5257826447486877,0.5032266974449158,0.4861711263656616
124,0.5363216996192932,0.5127087235450745,0.4989713430404663,0.4830450713634491
125,0.5273407697677612,0.5070339441299438,0.5106970071792603,0.49428555369377136
126,0.5329446792602539,0.5105908513069153,0.526422381401062,0.5076552033424377
127,0.5710902810096741,0.531287431716919,0.542389988899231,0.519338071346283
128,0.5562076568603516,0.5264051556587219,0.49722710251808167,0.48152196407318115
129,0.5512471199035645,0.5228232741355896,0.5029512643814087,0.4860279858112335
130,0.5350379943847656,0.5111082792282104,0.4977211058139801,0.48329421877861023
131,0.527731716632843,0.5078573226928711,0.49571433663368225,0.4819872975349426
132,0.5096186995506287,0.4945454001426697,0.49601393938064575,0.4826447367668152
133,0.5157688856124878,0.49954408407211304,0.5078203082084656,0.4925263524055481
134,0.5054890513420105,0.4918632209300995,0.49248006939888,0.4803948998451233
135,0.514683187007904,0.4986944794654846,0.509937047958374,0.49420371651649475
136,0.5627982020378113,0.5267337560653687,0.5007040500640869,0.487250417470932
137,0.5383663773536682,0.5144422650337219,0.49071529507637024,0.47798559069633484
138,0.5171059370040894,0.5013266801834106,0.4910322427749634,0.47824347019195557
139,0.5253944396972656,0.5069797039031982,0.516650378704071,0.5004660487174988
140,0.5418766140937805,0.517656147480011,0.4953323006629944,0.4851006269454956
141,0.5424325466156006,0.5178703665733337,0.4885570704936981,0.478123277425766
142,0.5148125886917114,0.4996941387653351,0.4966079592704773,0.48535996675491333
143,0.5071617960929871,0.49375537037849426,0.4914231300354004,0.4798770844936371
144,0.537305474281311,0.5122776627540588,0.49113699793815613,0.47910505533218384
145,0.5181570053100586,0.5002612471580505,0.5200731158256531,0.504783570766449
146,0.5599558353424072,0.5276414752006531,0.48604217171669006,0.47579333186149597
147,0.5239933729171753,0.5069576501846313,0.4852356016635895,0.4762014150619507
148,0.5098468661308289,0.496549516916275,0.4905879497528076,0.4808128774166107
149,0.5295614004135132,0.5106932520866394,0.5159717798233032,0.5020347237586975
150,0.5196105241775513,0.503991425037384,0.48285216093063354,0.47367721796035767
151,0.5088611245155334,0.4966699779033661,0.5026160478591919,0.49168887734413147
152,0.4874946177005768,0.48025259375572205,0.4884848892688751,0.47866103053092957
153,0.497849702835083,0.48875752091407776,0.4972938299179077,0.48704519867897034
154,0.5159041285514832,0.5016103982925415,0.48087018728256226,0.47176313400268555
155,0.4988662600517273,0.48954692482948303,0.4824019968509674,0.4738979935646057
156,0.4953784644603729,0.48730260133743286,0.49400144815444946,0.48428043723106384
157,0.49551084637641907,0.4868908226490021,0.4791374206542969,0.4718319773674011
158,0.512641966342926,0.4970528185367584,0.48321813344955444,0.4756648540496826
159,0.5497580766677856,0.521796703338623,0.4811416268348694,0.4744758605957031
160,0.49268725514411926,0.4854753017425537,0.47988077998161316,0.4725745618343353
161,0.49435973167419434,0.4872317314147949,0.48540323972702026,0.4776873290538788
162,0.5096462965011597,0.4977347254753113,0.4800340533256531,0.47314321994781494
163,0.5044246315956116,0.49508628249168396,0.47604310512542725,0.468807578086853
164,0.48856663703918457,0.4824163615703583,0.47594740986824036,0.4703129529953003
165,0.49107879400253296,0.48498597741127014,0.48556625843048096,0.4789196252822876
166,0.4935533106327057,0.4869600236415863,0.47574344277381897,0.47004878520965576
167,0.4984545409679413,0.49096763134002686,0.4890507161617279,0.4806663393974304
168,0.5171493291854858,0.5012218952178955,0.47462284564971924,0.468570739030838
169,0.5043696165084839,0.49216049909591675,0.48020312190055847,0.4740017354488373
170,0.5141178965568542,0.4995892643928528,0.47604143619537354,0.4703100919723511
171,0.4989301264286041,0.4910891056060791,0.47179341316223145,0.4671819806098938
172,0.4884733259677887,0.483672171831131,0.4718051552772522,0.4671148657798767
173,0.4861057996749878,0.48198214173316956,0.474211186170578,0.470066636800766
174,0.47538891434669495,0.47337281703948975,0.4711001217365265,0.46600109338760376
175,0.5050733685493469,0.4946800768375397,0.4695573151111603,0.4658104479312897
176,0.4833420515060425,0.4802723526954651,0.46990150213241577,0.4673371911048889
177,0.48947784304618835,0.4850260615348816,0.4688722789287567,0.4657686948776245
178,0.47991645336151123,0.47736048698425293,0.4685164988040924,0.465562641620636
179,0.47692593932151794,0.47552192211151123,0.4744730591773987,0.4720216393470764
180,0.5002752542495728,0.49165746569633484,0.469865083694458,0.4670833349227905
181,0.4969169795513153,0.4896754324436188,0.47153565287590027,0.4689893424510956
182,0.47343355417251587,0.4727397859096527,0.46591269969940186,0.46404892206192017
183,0.485081285238266,0.48234453797340393,0.4656827449798584,0.46404755115509033
184,0.48014989495277405,0.4780336320400238,0.4668484926223755,0.46437153220176697
185,0.4860900044441223,0.48349106311798096,0.46495455503463745,0.4643983244895935
186,0.4886748194694519,0.4854061007499695,0.4649549722671509,0.46316659450531006
187,0.48340609669685364,0.48157256841659546,0.46402981877326965,0.46264371275901794
188,0.48552650213241577,0.4819851219654083,0.4701467752456665,0.4692007005214691
189,0.4829622507095337,0.48152533173561096,0.4623090922832489,0.46188223361968994
190,0.47596704959869385,0.4760141670703888,0.4843392074108124,0.48145636916160583
191,0.4958341717720032,0.49029305577278137,0.46606194972991943,0.46635937690734863
192,0.4792344272136688,0.4784887135028839,0.47346261143684387,0.47272831201553345
193,0.4952283799648285,0.4896528422832489,0.4696205258369446,0.4687696695327759
194,0.48854297399520874,0.48479124903678894,0.4602368474006653,0.4604642391204834
195,0.497987300157547,0.4927150309085846,0.4713546633720398,0.4713102877140045
196,0.46473294496536255,0.46714723110198975,0.46037423610687256,0.4613463878631592
197,0.46912050247192383,0.47122061252593994,0.4588682949542999,0.4600904583930969
198,0.4675176739692688,0.4701371192932129,0.45932111144065857,0.4618016481399536
199,0.46953678131103516,0.471833735704422,0.45858535170555115,0.4606448709964752
200,0.4618707597255707,0.46572667360305786,0.45792916417121887,0.46093687415122986
201,0.47430264949798584,0.47616785764694214,0.4674484431743622,0.4683685004711151
202,0.474565714597702,0.47588247060775757,0.45570820569992065,0.4578990042209625
203,0.47338995337486267,0.47500669956207275,0.47098013758659363,0.47270113229751587
204,0.4789023995399475,0.48010140657424927,0.4622137248516083,0.4644143283367157
205,0.46779271960258484,0.47113510966300964,0.4567161202430725,0.45923951268196106
206,0.4646558463573456,0.4684625566005707,0.4585631489753723,0.46082258224487305
207,0.45627379417419434,0.4615887701511383,0.4560941457748413,0.4599395990371704
208,0.46743348240852356,0.47011688351631165,0.45279157161712646,0.4568687379360199
209,0.46263641119003296,0.4674246609210968,0.45238563418388367,0.45566999912261963
210,0.46301600337028503,0.4678815007209778,0.4752427935600281,0.47702446579933167
211,0.4675973057746887,0.4715427756309509,0.45408856868743896,0.4581853449344635
212,0.4649137556552887,0.4697886109352112,0.45565375685691833,0.45969727635383606
213,0.47292882204055786,0.47494155168533325,0.4506010413169861,0.45476844906806946
214,0.4665023386478424,0.47078657150268555,0.45084720849990845,0.45640817284584045
215,0.46798208355903625,0.4724670350551605,0.45155781507492065,0.4581400454044342
216,0.459913432598114,0.46596401929855347,0.44984954595565796,0.45416751503944397
217,0.45777490735054016,0.4642214775085449,0.4501778781414032,0.45491883158683777
218,0.4597828984260559,0.4663206934928894,0.45280492305755615,0.4583051800727844
219,0.4697033166885376,0.4735875427722931,0.4573526680469513,0.4630333483219147
220,0.4753757417201996,0.47818848490715027,0.44786182045936584,0.4540204703807831
221,0.45654579997062683,0.4637628495693207,0.446677029132843,0.45349809527397156
222,0.4593106508255005,0.46633559465408325,0.4476225972175598,0.4534519612789154
223,0.4543004035949707,0.46216586232185364,0.4455282390117645,0.4526444971561432
224,0.4644651710987091,0.4708347022533417,0.44554537534713745,0.452299565076828
225,0.46009117364883423,0.46734291315078735,0.44464540481567383,0.4514627158641815
226,0.452194482088089,0.4608028829097748,0.44399160146713257,0.4516655206680298
227,0.4559968113899231,0.46412983536720276,0.4455210566520691,0.45267876982688904
228,0.4498142600059509,0.4592289626598358,0.4460626244544983,0.45484745502471924
229,0.45200350880622864,0.461016982793808,0.44868066906929016,0.45707258582115173
230,0.4688526391983032,0.47446849942207336,0.44243547320365906,0.45046815276145935
231,0.4593947231769562,0.467561274766922,0.45048990845680237,0.4584942162036896
232,0.46203139424324036,0.4699501395225525,0.4414772391319275,0.44995588064193726
233,0.4613496959209442,0.46868282556533813,0.44260743260383606,0.4512913227081299
234,0.44739142060279846,0.4577082097530365,0.44363880157470703,0.45485857129096985
235,0.4544016718864441,0.4644370973110199,0.4426884353160858,0.45195654034614563
236,0.4483072757720947,0.4587979018688202,0.4386556148529053,0.44856005907058716
237,0.4495789408683777,0.460447758436203,0.43935146927833557,0.4487435221672058
238,0.458570271730423,0.46728697419166565,0.43922773003578186,0.45083656907081604
239,0.45851629972457886,0.46763280034065247,0.43755456805229187,0.44810524582862854
240,0.45042574405670166,0.46105191111564636,0.4392302632331848,0.44991058111190796
241,0.45620083808898926,0.46579208970069885,0.4415953457355499,0.4521949291229248
242,0.45046356320381165,0.46196308732032776,0.43544289469718933,0.44679754972457886
243,0.4400385320186615,0.45289745926856995,0.43478864431381226,0.44599345326423645
244,0.44339120388031006,0.4561735987663269,0.43536093831062317,0.44645392894744873
245,0.44144687056541443,0.4546172022819519,0.43529969453811646,0.446848064661026
246,0.44632601737976074,0.45871153473854065,0.43372026085853577,0.44566529989242554
247,0.44194385409355164,0.4552648961544037,0.43361005187034607,0.4471505880355835
248,0.4389304220676422,0.45304980874061584,0.43316635489463806,0.4459579288959503
249,0.4428917467594147,0.45618709921836853,0.4324190616607666,0.44497615098953247
250,0.4453813433647156,0.45805713534355164,0.43084871768951416,0.4446105659008026
251,0.44499874114990234,0.45868319272994995,0.4335724413394928,0.4470500349998474
252,0.43403998017311096,0.44954410195350647,0.43598905205726624,0.45058363676071167
253,0.4491650462150574,0.46173951029777527,0.42895904183387756,0.442672461271286
254,0.4301557242870331,0.44643157720565796,0.42814797163009644,0.44219744205474854
255,0.44042420387268066,0.45539239048957825,0.43631795048713684,0.45056062936782837
256,0.436435341835022,0.4520614743232727,0.4278770983219147,0.4431922137737274
257,0.43523353338241577,0.45160648226737976,0.4260462522506714,0.4414306879043579
258,0.42863643169403076,0.44602906703948975,0.4255509078502655,0.44105690717697144
259,0.43300724029541016,0.4502885341644287,0.4245482385158539,0.44048935174942017
260,0.43805399537086487,0.45457398891448975,0.4247208833694458,0.4413982033729553
261,0.4338875412940979,0.45145201683044434,0.4246315062046051,0.4403451383113861
262,0.4276772439479828,0.4461168944835663,0.4230518639087677,0.439531147480011
263,0.4304782748222351,0.4491978883743286,0.42134371399879456,0.4386366903781891
264,0.42488187551498413,0.44437816739082336,0.4203527569770813,0.43772032856941223
265,0.4239639639854431,0.4438908100128174,0.4207983613014221,0.43849867582321167
266,0.42383119463920593,0.44408339262008667,0.41936570405960083,0.43761053681373596
267,0.4293614327907562,0.44924893975257874,0.4182317554950714,0.4364953339099884
268,0.4188374876976013,0.43999722599983215,0.4223133623600006,0.4415556788444519
269,0.42079785466194153,0.4422723650932312,0.4174327254295349,0.43662363290786743
270,0.41898706555366516,0.44073930382728577,0.4162181615829468,0.43578580021858215
271,0.42127183079719543,0.44338902831077576,0.41485595703125,0.4351641535758972
272,0.41938382387161255,0.4419032633304596,0.4147605895996094,0.43546029925346375
273,0.4173631966114044,0.44048163294792175,0.4133916199207306,0.4351879060268402
274,0.41633081436157227,0.44034186005592346,0.41231682896614075,0.4349517524242401
275,0.41179072856903076,0.4362865090370178,0.41249880194664,0.4351407289505005
276,0.41228145360946655,0.43692007660865784,0.40938031673431396,0.432821661233902
277,0.41247865557670593,0.4377891719341278,0.408016175031662,0.43134233355522156
278,0.41385990381240845,0.4392944872379303,0.40722036361694336,0.4310486912727356
279,0.41083720326423645,0.43717700242996216,0.40588703751564026,0.4314188063144684
280,0.4161246716976166,0.4426506757736206,0.4056382477283478,0.4315333664417267
281,0.40586036443710327,0.4336811900138855,0.41682565212249756,0.4422731101512909
282,0.41130560636520386,0.43879491090774536,0.40487828850746155,0.43237370252609253
283,0.4169170558452606,0.4443061947822571,0.4083443582057953,0.44249826669692993
284,0.4003511071205139,0.4304646849632263,0.4012005925178528,0.430589884519577
285,0.40049126744270325,0.43130844831466675,0.4047278165817261,0.435272753238678
286,0.41694575548171997,0.44573959708213806,0.394893616437912,0.42470085620880127
287,0.3992941379547119,0.43161439895629883,0.4022217094898224,0.43534180521965027
288,0.41054683923721313,0.44195130467414856,0.3924594521522522,0.4259510338306427
289,0.39217865467071533,0.4265705645084381,0.3913751542568207,0.426114559173584
290,0.39060187339782715,0.4262517988681793,0.38807639479637146,0.42269864678382874
291,0.39969420433044434,0.43450742959976196,0.39229410886764526,0.42983758449554443
292,0.3884028196334839,0.42606163024902344,0.38343772292137146,0.42070212960243225
293,0.38380956649780273,0.4230464696884155,0.381685346364975,0.4217515289783478
294,0.3792835474014282,0.41998741030693054,0.3772144019603729,0.41662147641181946
295,0.3849131166934967,0.4266965687274933,0.37550657987594604,0.4193100035190582
296,0.3779709041118622,0.4215587377548218,0.3948209583759308,0.43796974420547485
297,0.36954396963119507,0.41516387462615967,0.36525630950927734,0.40988999605178833
298,0.3724212050437927,0.41866669058799744,0.3630272448062897,0.41150498390197754
299,0.36693984270095825,0.41647276282310486,0.36629411578178406,0.4152207374572754
300,0.3585839867591858,0.41094598174095154,0.35698992013931274,0.40869492292404175
301,0.3492291271686554,0.4044399559497833,0.35001102089881897,0.40604665875434875
302,0.3447674810886383,0.40262675285339355,0.34561535716056824,0.40471139550209045
303,0.34133395552635193,0.4027869403362274,0.33642178773880005,0.3979921042919159
304,0.3305273950099945,0.395734041929245,0.33185434341430664,0.3983719050884247
305,0.31984877586364746,0.3895241916179657,0.3157079219818115,0.38609579205513
306,0.31212884187698364,0.3862621486186981,0.32488855719566345,0.3988313674926758
307,0.2992650866508484,0.37873849272727966,0.2931172549724579,0.3724953830242157
308,0.2944260537624359,0.3790126144886017,0.27984192967414856,0.36595213413238525
309,0.2892264425754547,0.37780052423477173,0.2701725363731384,0.36684808135032654
310,0.2597205638885498,0.3565894663333893,0.2557690739631653,0.3522834777832031
311,0.2477106750011444,0.3506454825401306,0.2438010573387146,0.34737852215766907
312,0.23662519454956055,0.34529465436935425,0.22324801981449127,0.334115594625473
313,0.5788014531135559,0.4986576735973358,0.5421128869056702,0.5525772571563721
314,0.24113212525844574,0.35095804929733276,0.22604280710220337,0.34112322330474854
315,0.18710406124591827,0.30760452151298523,0.20982281863689423,0.3312331438064575
316,0.17391754686832428,0.29686659574508667,0.1910853087902069,0.31308114528656006
317,0.21173079311847687,0.329006165266037,0.32188042998313904,0.41828668117523193
318,0.1915377825498581,0.3136681020259857,0.23754750192165375,0.35073384642601013
319,0.14862999320030212,0.2743283808231354,0.15455250442028046,0.28001669049263
320,0.13757218420505524,0.263985812664032,0.13746444880962372,0.2623592019081116
321,0.13301178812980652,0.2601156532764435,0.12519042193889618,0.25001290440559387
322,0.13866762816905975,0.2656639516353607,0.1260298490524292,0.2521122992038727
323,0.12450236827135086,0.25168028473854065,0.12445082515478134,0.2494615614414215
324,0.12105841189622879,0.24768605828285217,0.11073656380176544,0.23452697694301605
325,0.11755587160587311,0.24428950250148773,0.10655377805233002,0.22917062044143677
326,0.10834866762161255,0.23378832638263702,0.10329336673021317,0.22590073943138123
327,0.11201417446136475,0.23749276995658875,0.10140696913003922,0.22510749101638794
328,0.10688408464193344,0.23171386122703552,0.10734439641237259,0.23172655701637268
329,0.10692340135574341,0.23085588216781616,0.09754818677902222,0.21946047246456146
330,0.11103493720293045,0.23506198823451996,0.09783351421356201,0.22051797807216644
331,0.09943850338459015,0.22252275049686432,0.09837877750396729,0.2194010317325592
332,0.09790263324975967,0.22003845870494843,0.08705534785985947,0.2056676149368286
333,0.10085413604974747,0.2224123328924179,0.1343393325805664,0.2644694149494171
334,0.09820673614740372,0.22023066878318787,0.09319647401571274,0.2128860354423523
335,0.08984740823507309,0.21030592918395996,0.07861267775297165,0.19371168315410614
336,0.08579117804765701,0.20520401000976562,0.08475793153047562,0.2014901340007782
337,0.09025519341230392,0.20977602899074554,0.07674439251422882,0.19125649333000183
338,0.08272883296012878,0.20082558691501617,0.07912889122962952,0.19674590229988098
339,0.08004757761955261,0.197252556681633,0.07497943937778473,0.18795369565486908
340,0.08056606352329254,0.19730770587921143,0.07060463726520538,0.18185411393642426
341,0.07700490951538086,0.19290325045585632,0.08465450257062912,0.19910922646522522
342,0.08032967150211334,0.19649013876914978,0.06855122745037079,0.17954370379447937
343,0.07299810647964478,0.18724563717842102,0.06665047258138657,0.17509110271930695
344,0.06875281780958176,0.181341752409935,0.06498578935861588,0.17252585291862488
345,0.06899197399616241,0.18117237091064453,0.0774073600769043,0.19119475781917572
346,0.08635829389095306,0.2013062983751297,0.07293464243412018,0.18374232947826385
347,0.08810265362262726,0.20239193737506866,0.10887759923934937,0.22567053139209747
348,0.09695568680763245,0.21043041348457336,0.06138310208916664,0.16697773337364197
349,0.08288166671991348,0.19562317430973053,0.07718271762132645,0.19026339054107666
350,0.07897684723138809,0.19186566770076752,0.062316738069057465,0.16725113987922668
351,0.06525343656539917,0.17462167143821716,0.058419179171323776,0.16109859943389893
352,0.0685410127043724,0.17804647982120514,0.05793005973100662,0.16013585031032562
353,0.06066329404711723,0.1680109202861786,0.05764752998948097,0.15928120911121368
354,0.06270239502191544,0.1703691929578781,0.06676382571458817,0.1739901900291443
355,0.060362108051776886,0.16737201809883118,0.05606384575366974,0.15759167075157166
356,0.062257878482341766,0.16962745785713196,0.06622921675443649,0.17222413420677185
357,0.06402654200792313,0.17138804495334625,0.05430988967418671,0.15421682596206665
358,0.05972011014819145,0.1654391884803772,0.07601111382246017,0.18780027329921722
359,0.06132377311587334,0.1672070473432541,0.06390048563480377,0.16836051642894745
360,0.061028700321912766,0.16638371348381042,0.05395976081490517,0.15385888516902924
361,0.055760402232408524,0.159526064991951,0.056897878646850586,0.16120365262031555
362,0.05982772260904312,0.16473591327667236,0.06658527255058289,0.17416471242904663
363,0.0613984689116478,0.16595765948295593,0.05716162919998169,0.15560276806354523
364,0.055620722472667694,0.1584770828485489,0.052171386778354645,0.14974893629550934
365,0.055564701557159424,0.15752123296260834,0.05059264227747917,0.1468891203403473
366,0.052263639867305756,0.15348224341869354,0.05105770379304886,0.14831945300102234
367,0.05517061799764633,0.15675579011440277,0.05815799534320831,0.1576603651046753
368,0.05972125753760338,0.16309988498687744,0.054277874529361725,0.15165752172470093
369,0.051858898252248764,0.15185973048210144,0.04941364750266075,0.14499452710151672
370,0.05828405171632767,0.15997189283370972,0.04912734031677246,0.14322790503501892
371,0.0501609742641449,0.14927075803279877,0.048816654831171036,0.14353610575199127
372,0.050690729171037674,0.1495739370584488,0.05424250662326813,0.1512022614479065
373,0.05138104408979416,0.15077942609786987,0.0502992607653141,0.14577633142471313
374,0.06265494972467422,0.16526100039482117,0.06159244477748871,0.158723384141922
375,0.057388804852962494,0.15782175958156586,0.050503771752119064,0.14554990828037262
376,0.049672190099954605,0.14787520468235016,0.04737900197505951,0.13934741914272308
377,0.04885575920343399,0.14614278078079224,0.047805458307266235,0.13963672518730164
378,0.05148409307003021,0.14974425733089447,0.05157989636063576,0.14439012110233307
379,0.04920811951160431,0.14666594564914703,0.046600788831710815,0.13832196593284607
380,0.049558985978364944,0.14657995104789734,0.04646047577261925,0.13823027908802032
381,0.048572588711977005,0.14554420113563538,0.04661409556865692,0.13798858225345612
382,0.04759501293301582,0.14392805099487305,0.05414101853966713,0.1507592350244522
383,0.04963649436831474,0.1465539187192917,0.04688749834895134,0.13981972634792328
384,0.04896119236946106,0.14564502239227295,0.047125786542892456,0.13940179347991943
385,0.06220889464020729,0.16274665296077728,0.07855584472417831,0.18610024452209473
386,0.05010800063610077,0.14769452810287476,0.044892627745866776,0.13390053808689117
387,0.047575004398822784,0.14324168860912323,0.04477033391594887,0.13408593833446503
388,0.0488470196723938,0.14490842819213867,0.05132608115673065,0.14473851025104523
389,0.05098520219326019,0.14767755568027496,0.04435804486274719,0.13365183770656586
390,0.04543640837073326,0.1395433396100998,0.044534578919410706,0.13387857377529144
391,0.05247695371508598,0.1493912637233734,0.045276980847120285,0.13751520216464996
392,0.054995354264974594,0.15292450785636902,0.0494840070605278,0.14109762012958527
393,0.050721656531095505,0.14684200286865234,0.04487663507461548,0.13360117375850677
394,0.04625667259097099,0.14054228365421295,0.04474842548370361,0.13382835686206818
395,0.04890973120927811,0.14477354288101196,0.045406680554151535,0.13471539318561554
396,0.05449686199426651,0.1518251746892929,0.06540589779615402,0.17006541788578033
397,0.05395447462797165,0.15116074681282043,0.053156010806560516,0.148140549659729
398,0.05310818552970886,0.14972764253616333,0.04421506077051163,0.13243050873279572
399,0.04881952330470085,0.14373932778835297,0.0531066432595253,0.1498260200023651
400,0.05187244340777397,0.14819911122322083,0.04306720197200775,0.1304420381784439
401,0.045094676315784454,0.1379188597202301,0.042798202484846115,0.1302511990070343
402,0.042694635689258575,0.13452836871147156,0.04268096759915352,0.13038817048072815
403,0.047652970999479294,0.1420632302761078,0.04744389280676842,0.14035438001155853
404,0.047192759811878204,0.14122065901756287,0.04390343651175499,0.13405627012252808
405,0.05090982839465141,0.1468379646539688,0.05362553894519806,0.14818565547466278
406,0.04818226769566536,0.14273875951766968,0.05202740430831909,0.15278881788253784
407,0.04794193431735039,0.14185349643230438,0.046343572437763214,0.1400073766708374
408,0.0473913811147213,0.14052344858646393,0.0438460111618042,0.13460975885391235
409,0.04408964514732361,0.1361222118139267,0.04183609411120415,0.12840530276298523
410,0.04644777998328209,0.1396835595369339,0.04179470241069794,0.12849119305610657
411,0.04212063178420067,0.13275396823883057,0.04113646224141121,0.12548470497131348
412,0.046035271137952805,0.13876459002494812,0.04139332473278046,0.12577635049819946
413,0.04854369908571243,0.14232347905635834,0.05386045202612877,0.15135347843170166
414,0.04828789457678795,0.14179202914237976,0.042705681174993515,0.12763534486293793
415,0.04630986228585243,0.13882596790790558,0.0429997518658638,0.12972764670848846
416,0.04463070631027222,0.13646148145198822,0.04146835580468178,0.1280062049627304
417,0.0453302264213562,0.1374281346797943,0.04850434884428978,0.1373787373304367
418,0.04458232223987579,0.13594530522823334,0.04168826714158058,0.12788395583629608
419,0.04570837691426277,0.13826729357242584,0.041670847684144974,0.12684568762779236
420,0.04319286346435547,0.13368801772594452,0.04098132625222206,0.12701697647571564
421,0.04142039269208908,0.13128630816936493,0.04080753028392792,0.1265638917684555
422,0.04036807268857956,0.129523366689682,0.04293004423379898,0.13020077347755432
423,0.04481948912143707,0.13631267845630646,0.040225159376859665,0.12348202615976334
424,0.042611099779605865,0.13297609984874725,0.04008500277996063,0.12316367775201797
425,0.04369077458977699,0.13430479168891907,0.04381639510393143,0.12950611114501953
426,0.044855862855911255,0.1365644484758377,0.04390358552336693,0.1297268122434616
427,0.04173814877867699,0.13176274299621582,0.04064161330461502,0.12431681901216507
428,0.04622802883386612,0.13846752047538757,0.04357799515128136,0.12885849177837372
429,0.04199597239494324,0.13113996386528015,0.04704592749476433,0.13699506223201752
430,0.046994224190711975,0.1388370245695114,0.04128014296293259,0.12667059898376465
431,0.03978728502988815,0.12786155939102173,0.039926689118146896,0.12496571242809296
432,0.041414376348257065,0.1302686333656311,0.039121489971876144,0.12198244035243988
433,0.040458813309669495,0.1287115067243576,0.039509065449237823,0.12175309658050537
434,0.041338689625263214,0.1306357979774475,0.039268799126148224,0.1209971085190773
435,0.03934113681316376,0.1271727830171585,0.039768822491168976,0.12482213973999023
436,0.04128946363925934,0.1307143121957779,0.039290811866521835,0.1206386461853981
437,0.038594380021095276,0.1260918229818344,0.03883124142885208,0.12032698839902878
438,0.03969782590866089,0.12745419144630432,0.039186298847198486,0.12110258638858795
439,0.0403023362159729,0.12864038348197937,0.03901257365942001,0.11975928395986557
440,0.04093378782272339,0.129538431763649,0.03935108333826065,0.12227004021406174
441,0.0400630384683609,0.1277397722005844,0.04706844314932823,0.13591425120830536
442,0.04152970016002655,0.1304224133491516,0.03849460184574127,0.11868476867675781
443,0.04295436292886734,0.1325974017381668,0.039467401802539825,0.12291958928108215
444,0.042911894619464874,0.13257376849651337,0.04015011340379715,0.1233179047703743
445,0.040041182190179825,0.1277606040239334,0.03915002942085266,0.12053045630455017
446,0.039335962384939194,0.1263376772403717,0.03877560794353485,0.11942801624536514
447,0.040907710790634155,0.1293175369501114,0.0391656830906868,0.12182504683732986
448,0.04048183560371399,0.12841111421585083,0.0391901396214962,0.12129698693752289
449,0.039027534425258636,0.12603332102298737,0.038977283984422684,0.11954518407583237
450,0.04463451728224754,0.13499845564365387,0.04188786819577217,0.12817299365997314
451,0.04337863251566887,0.13197283446788788,0.039344705641269684,0.1254272162914276
452,0.03915458545088768,0.12636184692382812,0.03978623449802399,0.12712553143501282
453,0.037546563893556595,0.12336897104978561,0.038046933710575104,0.1185082271695137
454,0.04005207493901253,0.1271778792142868,0.04126051440834999,0.12648075819015503
455,0.047843873500823975,0.13906201720237732,0.05038120597600937,0.13978271186351776
456,0.04418383166193962,0.13381421566009521,0.03754905238747597,0.11670611053705215
457,0.039744045585393906,0.12696880102157593,0.040330275893211365,0.12474196404218674
458,0.042963650077581406,0.13180923461914062,0.039185211062431335,0.12367893755435944
459,0.039858944714069366,0.12823915481567383,0.0393037274479866,0.1228221207857132
460,0.039621006697416306,0.12819615006446838,0.0384918712079525,0.12328746914863586
461,0.03808359056711197,0.12422870844602585,0.04428739845752716,0.135023295879364
462,0.03924660012125969,0.12684021890163422,0.04004137963056564,0.1280423402786255
463,0.03817391023039818,0.12497779726982117,0.038701772689819336,0.12103980034589767
464,0.03924895450472832,0.12570634484291077,0.037672292441129684,0.11885440349578857
465,0.042299121618270874,0.13104845583438873,0.039222363382577896,0.1200585663318634
466,0.04061364382505417,0.1283588707447052,0.038513414561748505,0.11867023259401321
467,0.03967099264264107,0.12669269740581512,0.03724242001771927,0.1159675270318985
468,0.04032478481531143,0.12818583846092224,0.037072084844112396,0.11566787213087082
469,0.037244562059640884,0.12236219644546509,0.03799690306186676,0.11849666386842728
470,0.03756684437394142,0.12278084456920624,0.037290919572114944,0.11598467081785202
471,0.03803137689828873,0.124176025390625,0.036731407046318054,0.11546967923641205
472,0.038748472929000854,0.12473033368587494,0.03638434782624245,0.11454504728317261
473,0.040303315967321396,0.1275411695241928,0.04129121080040932,0.12513397634029388
474,0.04300294443964958,0.13165920972824097,0.04531547799706459,0.13229520618915558
475,0.04270096868276596,0.1299508810043335,0.037484172731637955,0.11597909033298492
476,0.03769814595580101,0.12280522286891937,0.03841300308704376,0.12160756438970566
477,0.03938155621290207,0.12608444690704346,0.03658940643072128,0.11394714564085007
478,0.0380684919655323,0.12336543202400208,0.03736576437950134,0.11781515181064606
479,0.03845686465501785,0.12402575463056564,0.03580465912818909,0.11264701932668686
480,0.039768096059560776,0.12647031247615814,0.035833995789289474,0.11272062361240387
481,0.0389053151011467,0.124968521296978,0.03642141446471214,0.11421855539083481
482,0.03448856994509697,0.11719788610935211,0.036477357149124146,0.11445026099681854
483,0.03884145990014076,0.12586501240730286,0.03934628143906593,0.12170924246311188
484,0.04057258367538452,0.12833155691623688,0.03776584193110466,0.11681520938873291
485,0.042443763464689255,0.13024772703647614,0.03670460358262062,0.11482968926429749
486,0.042161013931035995,0.130498468875885,0.03862312436103821,0.1206289678812027
487,0.04022806137800217,0.12733317911624908,0.040401577949523926,0.1297367811203003
488,0.03874379023909569,0.1262572556734085,0.04439428076148033,0.14169734716415405
489,0.039243146777153015,0.1261271983385086,0.039498221129179,0.1288374662399292
490,0.0377301387488842,0.12233715504407883,0.03666868060827255,0.11381309479475021
491,0.03891595080494881,0.12405268847942352,0.04553944244980812,0.13185517489910126
492,0.038888055831193924,0.1237683817744255,0.0373641774058342,0.11798260360956192
493,0.0363733172416687,0.12062523514032364,0.03666319698095322,0.11915484815835953
494,0.038032785058021545,0.12492838501930237,0.037474844604730606,0.12167255580425262
495,0.03623368218541145,0.12047930806875229,0.03664880618453026,0.11406286060810089
496,0.03816154599189758,0.12365521490573883,0.03706817328929901,0.11584994196891785
497,0.03816746547818184,0.12316353619098663,0.053590379655361176,0.1505567878484726
498,0.047588616609573364,0.13682791590690613,0.03527508303523064,0.11395232379436493
499,0.03654680401086807,0.12090259045362473,0.03740958124399185,0.11820030957460403
500,0.03839826211333275,0.12480691820383072,0.052772607654333115,0.14731557667255402
501,0.03560617193579674,0.11925826221704483,0.039213355630636215,0.11726201325654984
502,0.03671048581600189,0.1215110570192337,0.035135962069034576,0.11349955946207047
503,0.039463382214307785,0.12614259123802185,0.04168235883116722,0.12859760224819183
504,0.04537780582904816,0.13450288772583008,0.04444459453225136,0.12734469771385193
505,0.03823137283325195,0.12343490868806839,0.03514270856976509,0.11205916106700897
506,0.03900052234530449,0.12452129274606705,0.05880877003073692,0.15845724940299988
507,0.047993697226047516,0.13714325428009033,0.039442241191864014,0.1233343705534935
508,0.037782616913318634,0.1224290132522583,0.03447955846786499,0.11018547415733337
509,0.035233329981565475,0.11862669885158539,0.0363549068570137,0.11781018227338791
510,0.036259543150663376,0.12045374512672424,0.03854002803564072,0.12319213151931763
511,0.03881259262561798,0.12517766654491425,0.03657873719930649,0.11903384327888489
512,0.036929901689291,0.1226055696606636,0.03905303403735161,0.12738089263439178
513,0.03732408210635185,0.1232389509677887,0.039133332669734955,0.12836609780788422
514,0.0373283214867115,0.12335210293531418,0.037630654871463776,0.12457052618265152
515,0.03656421974301338,0.12010234594345093,0.04226541146636009,0.1273212730884552
516,0.03794892132282257,0.12255975604057312,0.03512014076113701,0.11080032587051392
517,0.03581169247627258,0.11886120587587357,0.0341339148581028,0.10875909775495529
518,0.037071920931339264,0.1206309050321579,0.03426624834537506,0.10974930226802826
519,0.036008261144161224,0.119212307035923,0.03453896939754486,0.11016716808080673
520,0.03494839370250702,0.11709298193454742,0.03384391963481903,0.10862449556589127
521,0.03709534555673599,0.12085007131099701,0.03830159828066826,0.11744055151939392
522,0.035866811871528625,0.11904855072498322,0.033735621720552444,0.1089310497045517
523,0.036069877445697784,0.11945395171642303,0.034885797649621964,0.1115313395857811
524,0.03544619679450989,0.11817122995853424,0.03625960275530815,0.11294979602098465
525,0.03779616206884384,0.12179850041866302,0.03441065177321434,0.10910999774932861
526,0.03536637872457504,0.11793657392263412,0.035113874822854996,0.11611861735582352
527,0.04048282653093338,0.12616007030010223,0.03572094440460205,0.114079549908638
528,0.03460667282342911,0.11670774966478348,0.03773678094148636,0.11752914637327194
529,0.035331446677446365,0.1177559420466423,0.03585851565003395,0.1115635335445404
530,0.03562363237142563,0.11842814832925797,0.03346990793943405,0.10796412825584412
531,0.037738267332315445,0.12175318598747253,0.03436028212308884,0.11219058930873871
532,0.04054473713040352,0.1270647794008255,0.03481364622712135,0.1144622340798378
533,0.03573252633213997,0.11902312934398651,0.03491377830505371,0.11071489006280899
534,0.034337449818849564,0.11579801142215729,0.034010857343673706,0.10853493213653564
535,0.034758310765028,0.11649908125400543,0.036149878054857254,0.11191120743751526
536,0.03797730430960655,0.12262197583913803,0.03343698009848595,0.10889788717031479
537,0.03762195259332657,0.1220589354634285,0.03399011120200157,0.11141901463270187
538,0.034142062067985535,0.11564229428768158,0.03496558219194412,0.11357080936431885
539,0.03627809137105942,0.11911370605230331,0.03613113984465599,0.11373575031757355
540,0.035233017057180405,0.11740391701459885,0.03370193392038345,0.10770122706890106
541,0.03429902344942093,0.11629457771778107,0.04087667539715767,0.12124505639076233
542,0.03459879383444786,0.11684396117925644,0.03392741084098816,0.10874320566654205
543,0.03676258772611618,0.12040431797504425,0.03534518927335739,0.11365076154470444
544,0.037290383130311966,0.12078486382961273,0.03390006721019745,0.10838235169649124
545,0.03198542073369026,0.11170198768377304,0.03483661636710167,0.11030692607164383
546,0.0377284474670887,0.12149471789598465,0.03466023504734039,0.11135143041610718
547,0.03770265355706215,0.12152224034070969,0.03314149007201195,0.10773705691099167
548,0.037848081439733505,0.12219098955392838,0.033671870827674866,0.10892234742641449
549,0.03476391360163689,0.11672914773225784,0.03328794986009598,0.10888207703828812
550,0.03936799243092537,0.12482266873121262,0.03800516575574875,0.11677765846252441
551,0.03390078246593475,0.11552545428276062,0.03294683247804642,0.10591695457696915
552,0.03418842330574989,0.11620278656482697,0.038592755794525146,0.1198769062757492
553,0.0363348126411438,0.1196291595697403,0.03701424226164818,0.11704327911138535
554,0.037565410137176514,0.12167368084192276,0.03703416883945465,0.12189674377441406
555,0.03641679510474205,0.12035800516605377,0.03435330092906952,0.11083987355232239
556,0.040056876838207245,0.12545248866081238,0.033354200422763824,0.11047367006540298
557,0.0381653793156147,0.123378224670887,0.03821694850921631,0.11867330968379974
558,0.035781167447566986,0.11857492476701736,0.03699418529868126,0.1185094490647316
559,0.03372122347354889,0.11573795229196548,0.03362731263041496,0.11236625909805298
560,0.03653961047530174,0.12010560184717178,0.03579031676054001,0.1210324764251709
561,0.03599029406905174,0.11939413845539093,0.03977476432919502,0.12686805427074432
562,0.03968040645122528,0.1256883293390274,0.0322495773434639,0.10530693829059601
563,0.03562146797776222,0.11888158321380615,0.03871839866042137,0.12064262479543686
564,0.03388746827840805,0.11501264572143555,0.033292774111032486,0.10941798985004425
565,0.03175380453467369,0.11116831004619598,0.04031713306903839,0.1271941065788269
566,0.03617888689041138,0.11848113685846329,0.033457670360803604,0.11136668920516968
567,0.03461921587586403,0.11725494265556335,0.03359295427799225,0.11054500192403793
568,0.031774986535310745,0.11127353459596634,0.036994002759456635,0.11414315551519394
569,0.03303102031350136,0.11333504319190979,0.03497247025370598,0.11092846095561981
570,0.03339369222521782,0.11437922716140747,0.03215084224939346,0.10494250804185867
571,0.03328980877995491,0.11369891464710236,0.03320235759019852,0.10603814572095871
572,0.04097585752606392,0.12649454176425934,0.033867500722408295,0.10831624269485474
573,0.03533703833818436,0.11775340884923935,0.03663027659058571,0.11963804066181183
574,0.03471633046865463,0.1174686998128891,0.03762645646929741,0.12008389085531235
575,0.034014418721199036,0.11604626476764679,0.03530915081501007,0.11779649555683136
576,0.03479853272438049,0.11832880973815918,0.03898833692073822,0.13202130794525146
577,0.03487715497612953,0.11693692952394485,0.03351868689060211,0.10788873583078384
578,0.033246833831071854,0.11315629631280899,0.03825293108820915,0.11878285557031631
579,0.03455701470375061,0.11608318239450455,0.03704843297600746,0.11912460625171661
580,0.03750070556998253,0.12137525528669357,0.03213496878743172,0.10513124614953995
581,0.033036667853593826,0.11309896409511566,0.034791018813848495,0.11026011407375336
582,0.03504064679145813,0.11641377210617065,0.033326469361782074,0.10768669843673706
583,0.03431931883096695,0.11575307697057724,0.03806940093636513,0.11915596574544907
584,0.03339678794145584,0.11399713158607483,0.03505651652812958,0.11110059171915054
585,0.03332943841814995,0.11418376117944717,0.03214968368411064,0.10458042472600937
586,0.031080394983291626,0.10935571044683456,0.03209643065929413,0.10487260669469833
587,0.032719746232032776,0.11223049461841583,0.03196978196501732,0.10463782399892807
588,0.03117937035858631,0.1092759296298027,0.03215441852807999,0.1065908670425415
589,0.03247347101569176,0.11180020868778229,0.03379900008440018,0.10853757709264755
590,0.03199150413274765,0.11075681447982788,0.03167811408638954,0.10396724194288254
591,0.030529724434018135,0.10866361111402512,0.032420363277196884,0.10609988868236542
592,0.032168909907341,0.1117476224899292,0.03187103942036629,0.10323494672775269
593,0.034507203847169876,0.11535443365573883,0.03182440996170044,0.10393381863832474
594,0.0335000604391098,0.11424539983272552,0.03457186743617058,0.10928329825401306
595,0.03358643129467964,0.11372318118810654,0.03360679745674133,0.10779792815446854
596,0.033130839467048645,0.11356405913829803,0.034750569611787796,0.11043991893529892
597,0.0344066321849823,0.11545167118310928,0.032190971076488495,0.10750695317983627
598,0.03275029733777046,0.1127408966422081,0.03357318416237831,0.1069706529378891
599,0.03460385277867317,0.11633482575416565,0.03222997486591339,0.10987971723079681
600,0.03592924401164055,0.11854996532201767,0.03210795298218727,0.1051221415400505
601,0.03353551775217056,0.11382953822612762,0.03175843879580498,0.10631033033132553
602,0.032352153211832047,0.11240998655557632,0.034651413559913635,0.1123373955488205
603,0.033444639295339584,0.11423419415950775,0.0335916243493557,0.11144750565290451
604,0.03522321954369545,0.11665873974561691,0.0338163897395134,0.1102859377861023
605,0.033900514245033264,0.11498849093914032,0.033778075128793716,0.11032596230506897
606,0.03206022456288338,0.11166223138570786,0.032393332570791245,0.10719988495111465
607,0.03396597504615784,0.1151316910982132,0.03207899630069733,0.10737214237451553
608,0.035093147307634354,0.11666801571846008,0.03315366432070732,0.11002984642982483
609,0.03504999354481697,0.11620038002729416,0.03349195048213005,0.10729466378688812
610,0.03285776823759079,0.11199396103620529,0.03425854817032814,0.10800351202487946
611,0.03403613716363907,0.11475253850221634,0.03746872395277023,0.11607425659894943
612,0.034479234367609024,0.11574682593345642,0.03201167285442352,0.10473805665969849
613,0.030987847596406937,0.1095137670636177,0.031258098781108856,0.10232003033161163
614,0.03144080564379692,0.1101875826716423,0.030516691505908966,0.10084066540002823
615,0.033430106937885284,0.11397524178028107,0.030561383813619614,0.10101508349180222
616,0.031222451478242874,0.10961432754993439,0.03089589625597,0.10452906042337418
617,0.03188794478774071,0.11067398637533188,0.03138953819870949,0.10559152811765671
618,0.03152962774038315,0.11064036935567856,0.03305540233850479,0.10837416350841522
619,0.032761894166469574,0.11258557438850403,0.032663993537425995,0.10753180831670761
620,0.03373847156763077,0.11378004401922226,0.031147416681051254,0.10655015707015991
621,0.033148400485515594,0.11290362477302551,0.030716512352228165,0.10149179399013519
622,0.03073475882411003,0.10868334770202637,0.032104041427373886,0.10824216902256012
623,0.033086273819208145,0.11374302953481674,0.030572382733225822,0.10309355705976486
624,0.03513133153319359,0.11627090722322464,0.032743532210588455,0.10791969299316406
625,0.034797582775354385,0.1155070811510086,0.03493150696158409,0.1122237965464592
626,0.031437065452337265,0.11005356162786484,0.03125481307506561,0.1036405935883522
627,0.03037342242896557,0.10810169577598572,0.031606756150722504,0.10694313049316406
628,0.02924315445125103,0.1057639792561531,0.030934711918234825,0.10303917527198792
629,0.030005309730768204,0.10703571885824203,0.030604159459471703,0.10107690095901489
630,0.03056548535823822,0.10800759494304657,0.030980899930000305,0.10254622250795364
631,0.0330817885696888,0.11287509649991989,0.03125261887907982,0.10382798314094543
632,0.030756207183003426,0.10855928808450699,0.03171377256512642,0.10274050384759903
633,0.03174157068133354,0.11048077046871185,0.03401171788573265,0.11056847125291824
634,0.03272099420428276,0.11196047067642212,0.0347319021821022,0.11292862147092819
635,0.03200415521860123,0.1107710674405098,0.03186575695872307,0.10426239669322968
636,0.03127466142177582,0.10920778661966324,0.030068442225456238,0.10057844966650009
637,0.03113342635333538,0.10936444252729416,0.030397184193134308,0.10220653563737869
638,0.033838242292404175,0.11420826613903046,0.030303673818707466,0.10065039247274399
639,0.03241359442472458,0.11190316081047058,0.03061680682003498,0.10073342174291611
640,0.03238872438669205,0.11203308403491974,0.03043689951300621,0.10145780444145203
641,0.029254866763949394,0.10621494054794312,0.030524395406246185,0.10166258364915848
642,0.02965177595615387,0.1067967414855957,0.03096207231283188,0.1031620129942894
643,0.03015313483774662,0.10781705379486084,0.032403022050857544,0.10597125440835953
644,0.03138798475265503,0.10992710292339325,0.032226476818323135,0.10659979283809662
645,0.03674457594752312,0.11907939612865448,0.03133402019739151,0.10215598344802856
646,0.03392799571156502,0.1145266592502594,0.03027062490582466,0.10005279630422592
647,0.029836447909474373,0.10671961307525635,0.03093946911394596,0.10254339128732681
648,0.029164647683501244,0.1059141606092453,0.031021669507026672,0.10264133661985397
649,0.030289914458990097,0.10779079794883728,0.030608423054218292,0.10164270550012589
650,0.029622960835695267,0.10659440606832504,0.03155553713440895,0.10866289585828781
651,0.029763171449303627,0.1067158430814743,0.03653741627931595,0.11962077766656876
652,0.03305216133594513,0.11214680224657059,0.03478008881211281,0.1102239191532135
653,0.03484721481800079,0.11557911336421967,0.032984960824251175,0.10646719485521317
654,0.031105447560548782,0.10909018665552139,0.03527615964412689,0.11390643566846848
655,0.03758689761161804,0.12086576968431473,0.05955108255147934,0.16374577581882477
656,0.03485555574297905,0.11607492715120316,0.034896910190582275,0.11032894998788834
657,0.031258195638656616,0.10938620567321777,0.03180616721510887,0.10389374196529388
658,0.03073289804160595,0.10796251147985458,0.030096160247921944,0.1005568653345108
659,0.030990783125162125,0.10856171697378159,0.03342868387699127,0.11018233746290207
660,0.0320248156785965,0.11060449481010437,0.0329982191324234,0.10850362479686737
661,0.029468489810824394,0.10572677850723267,0.030323022976517677,0.1015130952000618
662,0.031086623668670654,0.10873407125473022,0.031244393438100815,0.10295285284519196
663,0.030015097931027412,0.1069408655166626,0.032090310007333755,0.10534574091434479
664,0.02833126299083233,0.10360869020223618,0.029366133734583855,0.09894245117902756
665,0.030335666611790657,0.10747293382883072,0.032788850367069244,0.10651396214962006
666,0.03439227491617203,0.11512626707553864,0.02981591783463955,0.10031463950872421
667,0.030765362083911896,0.10868917405605316,0.03178180754184723,0.10548099130392075
668,0.031656693667173386,0.11014632880687714,0.036005496978759766,0.11350169777870178
669,0.03502767160534859,0.11663659662008286,0.03452134504914284,0.10868196189403534
670,0.03307665139436722,0.11310592293739319,0.03160471469163895,0.10431316494941711
671,0.032841235399246216,0.11229957640171051,0.030263302847743034,0.10579955577850342
672,0.03265771642327309,0.11261028796434402,0.03013475425541401,0.10382305830717087
673,0.029401598498225212,0.1063438206911087,0.030567210167646408,0.10523977130651474
674,0.03052636794745922,0.1091376319527626,0.029694996774196625,0.1013561561703682
675,0.02947453036904335,0.10611628741025925,0.030954746529459953,0.10532592236995697
676,0.030090533196926117,0.10781162232160568,0.03019598498940468,0.10140160471200943
677,0.029490813612937927,0.10627945512533188,0.029966576024889946,0.10158966481685638
678,0.028725942596793175,0.10447145998477936,0.029123010113835335,0.09825652837753296
679,0.03010028973221779,0.10773405432701111,0.02942260541021824,0.0997796431183815
680,0.030067525804042816,0.10713520646095276,0.029048696160316467,0.09799086302518845
681,0.030418721958994865,0.10777854919433594,0.03308963030576706,0.10675759613513947
682,0.03292515128850937,0.11228914558887482,0.03222915902733803,0.10588718205690384
683,0.030379772186279297,0.1074863001704216,0.03109029121696949,0.10237183421850204
684,0.028404662385582924,0.10364457964897156,0.031054662540555,0.10092386603355408
685,0.031080005690455437,0.10967087745666504,0.03326559066772461,0.10484872758388519
686,0.03102622739970684,0.10850712656974792,0.02877805568277836,0.09677033871412277
687,0.033336035907268524,0.11294245719909668,0.029239721596240997,0.09796251356601715
688,0.02977983094751835,0.10605164617300034,0.029611902311444283,0.09914493560791016
689,0.030730416998267174,0.10827302187681198,0.030042020604014397,0.10054470598697662
690,0.029621554538607597,0.10589601844549179,0.029777901247143745,0.09991885721683502
691,0.0318746380507946,0.1105508804321289,0.03005070798099041,0.10011135786771774
692,0.030702365562319756,0.10785239189863205,0.028737328946590424,0.09814465045928955
693,0.028372906148433685,0.10357256978750229,0.028849340975284576,0.09877977520227432
694,0.028926342725753784,0.10449989140033722,0.028661547228693962,0.09676697105169296
695,0.030239826068282127,0.10744795948266983,0.029497679322957993,0.09976478666067123
696,0.02996589057147503,0.10660230368375778,0.031179185956716537,0.10475848615169525
697,0.02942812442779541,0.10590578615665436,0.029975075274705887,0.1015339344739914
698,0.03017999790608883,0.10696716606616974,0.03050418570637703,0.10341884195804596
699,0.02861538715660572,0.10405656695365906,0.031107014045119286,0.10469741374254227
700,0.028851306065917015,0.10444549471139908,0.030241752043366432,0.10205920040607452
701,0.029380321502685547,0.10548636317253113,0.03650907799601555,0.1136300265789032
702,0.03271465376019478,0.11143478006124496,0.029392080381512642,0.10094927996397018
703,0.028253592550754547,0.10311949253082275,0.029662061482667923,0.0997920110821724
704,0.02817472256720066,0.10427435487508774,0.029383599758148193,0.09828293323516846
705,0.029081888496875763,0.10652631521224976,0.031816236674785614,0.10672125220298767
706,0.027968671172857285,0.10418534278869629,0.03144052252173424,0.10398434847593307
707,0.031787626445293427,0.10989242792129517,0.03127370402216911,0.10601099580526352
708,0.028242427855730057,0.10406216979026794,0.03017476387321949,0.10277051478624344
709,0.031050365418195724,0.10891640931367874,0.02914159558713436,0.09921387583017349
710,0.02950790710747242,0.10636644065380096,0.029434066265821457,0.10004804283380508
711,0.030706891790032387,0.10868053138256073,0.030342483893036842,0.10369230061769485
712,0.027434522286057472,0.10212881863117218,0.032251499593257904,0.10798045247793198
713,0.027658214792609215,0.10191071033477783,0.029123904183506966,0.09946266561746597
714,0.02912951447069645,0.10566849261522293,0.02909800596535206,0.0983935296535492
715,0.029802629724144936,0.10643105208873749,0.02909151464700699,0.09986843168735504
716,0.027664093300700188,0.10237440466880798,0.03060702607035637,0.10262959450483322
717,0.03072798065841198,0.10860666632652283,0.030964333564043045,0.1004820466041565
718,0.02918914519250393,0.10564671456813812,0.03327818959951401,0.10708727687597275
719,0.03194420784711838,0.11058635264635086,0.03160176798701286,0.10429245233535767
720,0.03397820144891739,0.11429548263549805,0.029326286166906357,0.1004895344376564
721,0.032591886818408966,0.11162916570901871,0.031726717948913574,0.10645798593759537
722,0.03064989298582077,0.10789038240909576,0.03148052096366882,0.10299360752105713
723,0.032338082790374756,0.11160337179899216,0.030433373525738716,0.1014857143163681
724,0.02960403822362423,0.10642873495817184,0.03360265865921974,0.10653461515903473
725,0.030654404312372208,0.10817603766918182,0.031290579587221146,0.10654060542583466
726,0.029765991494059563,0.10670962184667587,0.028686031699180603,0.0989827960729599
727,0.03373296558856964,0.11367067694664001,0.030540328472852707,0.10165894776582718
728,0.02901921421289444,0.10477346181869507,0.029892906546592712,0.10230904072523117
729,0.03025839291512966,0.1075729951262474,0.028402993455529213,0.09634480625391006
730,0.03104710951447487,0.10915575176477432,0.03564883768558502,0.11245247721672058
731,0.028440168127417564,0.1040504053235054,0.03343288600444794,0.10657466948032379
732,0.029011504724621773,0.10511182993650436,0.03202477842569351,0.10313618183135986
733,0.026850730180740356,0.10071475803852081,0.02862963080406189,0.09606989473104477
734,0.02745882049202919,0.10136543214321136,0.027814596891403198,0.09488868713378906
735,0.028559638187289238,0.10376162081956863,0.033107299357652664,0.10567809641361237
736,0.0269901305437088,0.10039019584655762,0.028507482260465622,0.09801270067691803
737,0.028318310156464577,0.10365678369998932,0.02907811477780342,0.1005970761179924
738,0.0291365347802639,0.10513491183519363,0.0283040851354599,0.09777243435382843
739,0.028503548353910446,0.10400223731994629,0.029423648491501808,0.10171383619308472
740,0.0284686591476202,0.10356017202138901,0.028948098421096802,0.10026755183935165
741,0.028231585398316383,0.10350784659385681,0.02830994687974453,0.09655633568763733
742,0.02808772586286068,0.10316871106624603,0.03011886030435562,0.10012630373239517
743,0.02980685792863369,0.10714299231767654,0.02950807847082615,0.10345281660556793
744,0.02829008549451828,0.10409433394670486,0.02852955088019371,0.09679163247346878
745,0.027541760355234146,0.102401003241539,0.02963126078248024,0.10443972051143646
746,0.02788378857076168,0.10285710543394089,0.02891273982822895,0.09839256852865219
747,0.028515761718153954,0.10378295928239822,0.03184901550412178,0.1064547747373581
748,0.029036542400717735,0.10572023689746857,0.027820954099297523,0.09478262811899185
749,0.027854973450303078,0.1027476042509079,0.030646126717329025,0.10108811408281326
750,0.027736423537135124,0.10204966366291046,0.02821814827620983,0.09678604453802109
751,0.027882415801286697,0.10265225917100906,0.027725037187337875,0.09519482403993607
752,0.027351830154657364,0.10123711079359055,0.02861860580742359,0.09757202118635178
753,0.02766607329249382,0.10222570598125458,0.02761012315750122,0.09491179138422012
754,0.027167242020368576,0.1015729010105133,0.027987129986286163,0.09517110139131546
755,0.02690843865275383,0.10076320916414261,0.028023721650242805,0.096018947660923
756,0.028764797374606133,0.10414204001426697,0.027817120775580406,0.09481960535049438
757,0.029373925179243088,0.10548414289951324,0.02813582681119442,0.09560298174619675
758,0.030211208388209343,0.10767089575529099,0.027604835107922554,0.09458588063716888
759,0.02769995667040348,0.10220031440258026,0.027882006019353867,0.09645849466323853
760,0.02840130217373371,0.10311208665370941,0.028521239757537842,0.09687379002571106
761,0.028022589161992073,0.10247963666915894,0.03058958239853382,0.10155925899744034
762,0.028287194669246674,0.1030544713139534,0.029164403676986694,0.09844514727592468
763,0.028926385566592216,0.10417234152555466,0.03077656589448452,0.10158820450305939
764,0.02842075191438198,0.10314782708883286,0.029233086854219437,0.09845674782991409
765,0.028604358434677124,0.10411225259304047,0.029444586485624313,0.09852182865142822
766,0.027767281979322433,0.1020849198102951,0.03178602084517479,0.10648877173662186
767,0.02852511592209339,0.10442987084388733,0.028535304591059685,0.09687723964452744
768,0.029756244271993637,0.1068515032529831,0.02872714214026928,0.09707475453615189
769,0.028969723731279373,0.1048794537782669,0.027576519176363945,0.09462874382734299
770,0.029751913622021675,0.10648508369922638,0.028361234813928604,0.09637710452079773
771,0.029970867559313774,0.1066489890217781,0.02890702895820141,0.09762595593929291
772,0.029257934540510178,0.10476230829954147,0.030553428456187248,0.10117436945438385
773,0.02844509854912758,0.10329385101795197,0.02851828560233116,0.09658551961183548
774,0.028425073251128197,0.10367757827043533,0.02887324057519436,0.09757695347070694
775,0.026742376387119293,0.1001780778169632,0.02749164029955864,0.09401149302721024
776,0.0290998388081789,0.10468493402004242,0.03059118054807186,0.10109642893075943
777,0.03018985316157341,0.10735417157411575,0.03311295434832573,0.10661632567644119
778,0.027045849710702896,0.10115678608417511,0.02781723253428936,0.09511563926935196
779,0.026821142062544823,0.10027860850095749,0.027755020186305046,0.09536416828632355
780,0.026226159185171127,0.0992276519536972,0.02826707623898983,0.09571927040815353
781,0.029085299000144005,0.10543560981750488,0.03255007788538933,0.1116238534450531
782,0.0317501425743103,0.11015140265226364,0.029554758220911026,0.0990460067987442
783,0.030393283814191818,0.1073698103427887,0.028887879103422165,0.09788718819618225
784,0.026443148031830788,0.09940328449010849,0.028253206983208656,0.0964057445526123
785,0.02841392531991005,0.103003591299057,0.030727654695510864,0.10104493051767349
786,0.029582113027572632,0.10575820505619049,0.028811581432819366,0.0971350222826004
787,0.029719814658164978,0.10548248142004013,0.028357885777950287,0.09652366489171982
788,0.03130493313074112,0.10864687711000443,0.030793005600571632,0.10116283595561981
789,0.029326684772968292,0.10455857962369919,0.029236994683742523,0.09867864102125168
790,0.026450686156749725,0.09889612346887589,0.02857123501598835,0.09677271544933319
791,0.02990071102976799,0.1062825471162796,0.028653709217905998,0.09688494354486465
792,0.03086499683558941,0.10768807679414749,0.04053667187690735,0.12284895777702332
793,0.03387509658932686,0.11291167885065079,0.02876219153404236,0.09841654449701309
794,0.030487122014164925,0.10643091797828674,0.029854150488972664,0.09993422031402588
795,0.027359429746866226,0.10089137405157089,0.02970321662724018,0.09923196583986282
796,0.0275560449808836,0.10165496170520782,0.029232826083898544,0.0983971506357193
797,0.02768443338572979,0.10228792577981949,0.032027751207351685,0.10755863040685654
798,0.028308333829045296,0.10332150757312775,0.027742227539420128,0.09523122757673264
799,0.02620065025985241,0.09915655851364136,0.027425937354564667,0.09394817799329758
800,0.030821966007351875,0.10860661417245865,0.027180565521121025,0.09370329231023788
801,0.02829715609550476,0.1043579950928688,0.033223651349544525,0.1070709228515625
802,0.02996068447828293,0.10629033297300339,0.02736743353307247,0.09459061175584793
803,0.02884291112422943,0.10410863906145096,0.02718471921980381,0.09381736069917679
804,0.02916080318391323,0.10469017177820206,0.028128325939178467,0.09543850272893906
805,0.02712583914399147,0.1005716547369957,0.03042321279644966,0.09897784888744354
806,0.029968075454235077,0.10653897374868393,0.027316294610500336,0.09427893906831741
807,0.028416689485311508,0.10341277718544006,0.027294613420963287,0.09358090907335281
808,0.028359755873680115,0.10325154662132263,0.0272251944988966,0.09372533112764359
809,0.02897307090461254,0.10433078557252884,0.027114467695355415,0.09317073971033096
810,0.02676459588110447,0.0996222198009491,0.02715943194925785,0.09316812455654144
811,0.026374027132987976,0.09876520186662674,0.028187263756990433,0.09554742276668549
812,0.02704543061554432,0.10030771791934967,0.02680070884525776,0.09304219484329224
813,0.026794370263814926,0.09999217838048935,0.02750135213136673,0.09356921166181564
814,0.026667028665542603,0.09991773962974548,0.027817972004413605,0.094353087246418
815,0.02550341747701168,0.09708548337221146,0.02781023271381855,0.09489511698484421
816,0.029806150123476982,0.1065855622291565,0.027088850736618042,0.09480604529380798
817,0.028955411165952682,0.10413733124732971,0.027658313512802124,0.09422037750482559
818,0.027251839637756348,0.10112789273262024,0.028713133186101913,0.0966406837105751
819,0.026372265070676804,0.09929165989160538,0.028196675702929497,0.09570411592721939
820,0.025286369025707245,0.09702414274215698,0.02758023515343666,0.09377437829971313
821,0.025973806157708168,0.09808564186096191,0.027406014502048492,0.0946132019162178
822,0.025387879461050034,0.09708885848522186,0.0275470819324255,0.09603489190340042
823,0.025545135140419006,0.09754699468612671,0.028979744762182236,0.09838199615478516
824,0.026523727923631668,0.0998399630188942,0.028636030852794647,0.09791265428066254
825,0.026895426213741302,0.10039740055799484,0.02805141545832157,0.09597595036029816
826,0.0253403689712286,0.09728755801916122,0.02833029069006443,0.09957455843687057
827,0.028568029403686523,0.10339309275150299,0.028132036328315735,0.09966881573200226
828,0.030023183673620224,0.10574869066476822,0.029332539066672325,0.10283558070659637
829,0.02635057084262371,0.09927117079496384,0.02831641212105751,0.0988924503326416
830,0.02758304961025715,0.10238508135080338,0.031208695843815804,0.10274987667798996
831,0.02754196710884571,0.10160954296588898,0.028438648208975792,0.09749168157577515
832,0.028033709153532982,0.10223280638456345,0.02854502946138382,0.09787919372320175
833,0.028298232704401016,0.10285218805074692,0.027702271938323975,0.09641449898481369
834,0.02845180407166481,0.10363936424255371,0.03295062854886055,0.1055944636464119
835,0.02607877552509308,0.09863311797380447,0.028070084750652313,0.09628168493509293
836,0.027830060571432114,0.10234013199806213,0.031144702807068825,0.10152250528335571
837,0.029002465307712555,0.1050170436501503,0.027006592601537704,0.09343568235635757
838,0.03216896951198578,0.11030075699090958,0.027336277067661285,0.09368829429149628
839,0.027758847922086716,0.10110846906900406,0.02753475308418274,0.09566118568181992
840,0.02729659155011177,0.1008874922990799,0.028891462832689285,0.09853924810886383
841,0.030769040808081627,0.10758005082607269,0.027656901627779007,0.09460422396659851
842,0.02759362757205963,0.10112912207841873,0.02682088501751423,0.09229090064764023
843,0.025374330580234528,0.09722357988357544,0.026978567242622375,0.0934520736336708
844,0.026074737310409546,0.09866061061620712,0.026930589228868484,0.09331462532281876
845,0.027662908658385277,0.10214319825172424,0.0329672209918499,0.10872910916805267
846,0.02844945713877678,0.10349036753177643,0.029045164585113525,0.10004482418298721
847,0.026180367916822433,0.09864477068185806,0.027175039052963257,0.09493304789066315
848,0.02551930397748947,0.09752624481916428,0.026965176686644554,0.09368064999580383
849,0.028063785284757614,0.10297709703445435,0.026760198175907135,0.094602569937706
850,0.03101728856563568,0.10954177379608154,0.026816509664058685,0.0950106754899025
851,0.027904903516173363,0.102313332259655,0.026654662564396858,0.09364158660173416
852,0.0273422971367836,0.10103747248649597,0.02638820745050907,0.09236039966344833
853,0.026382138952612877,0.09944528341293335,0.027835430577397346,0.09517616033554077
854,0.02599606104195118,0.09827820211648941,0.02682548575103283,0.09314940869808197
855,0.02609611116349697,0.09914179146289825,0.030269408598542213,0.101692333817482
856,0.026625897735357285,0.09996827691793442,0.034244075417518616,0.11066842824220657
857,0.02807539328932762,0.10266401618719101,0.02768608182668686,0.09457457810640335
858,0.02675599604845047,0.09960366040468216,0.030316848307847977,0.10027161985635757
859,0.027228305116295815,0.10085439682006836,0.031980738043785095,0.10372256487607956
860,0.02601861022412777,0.09813536703586578,0.031025459989905357,0.10195335000753403
861,0.027177834883332253,0.1007046103477478,0.029736777767539024,0.09956056624650955
862,0.029009325429797173,0.10406846553087234,0.026841601356863976,0.09294085949659348
863,0.02616899088025093,0.09848544001579285,0.027148276567459106,0.09292717278003693
864,0.02544591575860977,0.09673044085502625,0.029144665226340294,0.09825644642114639
865,0.027600595727562904,0.10204371809959412,0.02815425954759121,0.09549125283956528
866,0.026208089664578438,0.09920280426740646,0.027491144835948944,0.0941632017493248
867,0.024920986965298653,0.09658539295196533,0.026605619117617607,0.09179134666919708
868,0.025421755388379097,0.09720846265554428,0.02713249996304512,0.09329594671726227
869,0.02541406638920307,0.0972139984369278,0.02645864523947239,0.09170720726251602
870,0.025634631514549255,0.09752059727907181,0.0265839584171772,0.09261224418878555
871,0.024863652884960175,0.09607880562543869,0.026501556858420372,0.09218376874923706
872,0.02590233087539673,0.09849537163972855,0.026590831577777863,0.09212418645620346
873,0.02719935216009617,0.1007833406329155,0.027218520641326904,0.09529411792755127
874,0.02569705806672573,0.09768041968345642,0.028076909482479095,0.09833967685699463
875,0.02643974870443344,0.09966003894805908,0.029574980959296227,0.09695993363857269
876,0.02558436430990696,0.09780063480138779,0.027880586683750153,0.09388890862464905
877,0.0257714930921793,0.09818454831838608,0.02701830118894577,0.0923791378736496
878,0.025540843605995178,0.09683072566986084,0.02713853120803833,0.09472806751728058
879,0.02617431990802288,0.0983206033706665,0.026610027998685837,0.09282276779413223
880,0.025323860347270966,0.09665551036596298,0.027190841734409332,0.09371691942214966
881,0.025547491386532784,0.09702271968126297,0.03102440945804119,0.10160447657108307
882,0.0257708840072155,0.097624272108078,0.02835652604699135,0.09665008634328842
883,0.029206421226263046,0.10409193485975266,0.034955136477947235,0.10984065383672714
884,0.028823651373386383,0.10526014119386673,0.02887619473040104,0.09723208844661713
885,0.027338944375514984,0.10077688843011856,0.026099473237991333,0.09046967327594757
886,0.02924659661948681,0.10485818237066269,0.026654817163944244,0.09288375079631805
887,0.027529116719961166,0.10117804259061813,0.026630094274878502,0.09215746819972992
888,0.027054034173488617,0.10013195127248764,0.029150931164622307,0.09787590801715851
889,0.027112945914268494,0.10016144067049026,0.02693868987262249,0.09261132031679153
890,0.0273541621863842,0.1010579764842987,0.026215681806206703,0.0911812037229538
891,0.024398641660809517,0.09482219070196152,0.027535339817404747,0.09415986388921738
892,0.02939721941947937,0.10494507849216461,0.029880143702030182,0.09973304718732834
893,0.02958538755774498,0.1051308810710907,0.029680762439966202,0.09882401674985886
894,0.026424698531627655,0.09920509159564972,0.026450196281075478,0.09294023364782333
895,0.027833053842186928,0.10118293017148972,0.025940511375665665,0.09046812355518341
896,0.026605382561683655,0.09930185228586197,0.02686355449259281,0.09263575822114944
897,0.025701288133859634,0.09737982600927353,0.02667149342596531,0.09220525622367859
898,0.026789313182234764,0.0996536836028099,0.02890983410179615,0.0973176434636116
899,0.02635529264807701,0.0988597571849823,0.03056183084845543,0.10030894726514816
900,0.026077190414071083,0.09780552238225937,0.03368211165070534,0.10654988884925842
901,0.026407701894640923,0.09954126924276352,0.026360878720879555,0.09111716598272324
902,0.025534650310873985,0.09712079912424088,0.026504408568143845,0.09152690321207047
903,0.027011236175894737,0.10030683875083923,0.026343779638409615,0.09104759246110916
904,0.025525668635964394,0.09662279486656189,0.02630297653377056,0.09116571396589279
905,0.024681610986590385,0.09511060267686844,0.026730049401521683,0.09138373285531998
906,0.02534552849829197,0.09649207442998886,0.025836460292339325,0.09039761871099472
907,0.024522598832845688,0.0945071205496788,0.02604910545051098,0.09069497883319855
908,0.02532375603914261,0.09637675434350967,0.025845471769571304,0.08980250358581543
909,0.025658423081040382,0.09715788066387177,0.027310390025377274,0.09304708242416382
910,0.02536449208855629,0.09660996496677399,0.027056030929088593,0.09354909509420395
911,0.02411075495183468,0.09409601241350174,0.027297217398881912,0.09410149604082108
912,0.024203641340136528,0.09426281601190567,0.02680622972548008,0.0921413004398346
913,0.02447274699807167,0.09450024366378784,0.02650013007223606,0.09219106286764145
914,0.024720657616853714,0.09537487477064133,0.0312010757625103,0.10156051814556122
915,0.026717428117990494,0.0999341607093811,0.02657414600253105,0.09177723526954651
916,0.02841130644083023,0.10368840396404266,0.027940019965171814,0.0955144464969635
917,0.02461833506822586,0.09561726450920105,0.02767389453947544,0.09477167576551437
918,0.026177264750003815,0.09821382164955139,0.029513951390981674,0.0985611081123352
919,0.02549968846142292,0.09693840146064758,0.028150269761681557,0.095661461353302
920,0.02709103748202324,0.10020441561937332,0.026343414559960365,0.09140228480100632
921,0.02678157016634941,0.099708192050457,0.030316291376948357,0.0992756262421608
922,0.02709275484085083,0.0998389795422554,0.02859436348080635,0.09723163396120071
923,0.025456922128796577,0.09682712703943253,0.026347726583480835,0.09121952205896378
924,0.025029318407177925,0.0960971936583519,0.025490116328001022,0.08964578807353973
925,0.024480925872921944,0.09504581987857819,0.027585839852690697,0.09400469809770584
926,0.02489822916686535,0.09583814442157745,0.025517018511891365,0.08961155265569687
927,0.027647241950035095,0.10109579563140869,0.025762714445590973,0.08960191160440445
928,0.024886872619390488,0.09555605798959732,0.02577080950140953,0.09031890332698822
929,0.025242388248443604,0.09672564268112183,0.026242444291710854,0.09142858535051346
930,0.0247064046561718,0.09518302232027054,0.026293586939573288,0.09135013073682785
931,0.024141060188412666,0.09398750960826874,0.025773806497454643,0.09191519021987915
932,0.02539515681564808,0.09649192541837692,0.02554292604327202,0.08996353298425674
933,0.026216739788651466,0.09866614639759064,0.029166366904973984,0.09790219366550446
934,0.02521887794137001,0.09681016951799393,0.026458943262696266,0.09259404242038727
935,0.02490013651549816,0.09578584879636765,0.02567211538553238,0.09040028601884842
936,0.02423410676419735,0.0941423773765564,0.027831926941871643,0.09608659893274307
937,0.02469991333782673,0.09480273723602295,0.02598723955452442,0.09008005261421204
938,0.024282896891236305,0.09458606690168381,0.026447484269738197,0.09288311004638672
939,0.025502830743789673,0.09683120995759964,0.025909103453159332,0.09221691638231277
940,0.027086501941084862,0.09977786988019943,0.02780132368206978,0.09456469863653183
941,0.027825534343719482,0.10218397527933121,0.025732504203915596,0.08989865332841873
942,0.025346914306282997,0.0967077910900116,0.026217490434646606,0.09093383699655533
943,0.02546369656920433,0.09682241082191467,0.0288835596293211,0.09706390649080276
944,0.02528226748108864,0.09613294154405594,0.02658497542142868,0.09195117652416229
945,0.02634318917989731,0.09857562184333801,0.025997107848525047,0.09139559417963028
946,0.023943569511175156,0.09318127483129501,0.025395696982741356,0.08903830498456955
947,0.025574853643774986,0.09698645770549774,0.025656310841441154,0.09101781249046326
948,0.02460738830268383,0.09533693641424179,0.025502648204565048,0.09024760872125626
949,0.026188675314188004,0.09821663051843643,0.025740433484315872,0.09111996740102768
950,0.023690523579716682,0.09261669963598251,0.025477450340986252,0.08878990262746811
951,0.02397489733994007,0.09314776211977005,0.025407806038856506,0.08876858651638031
952,0.024841278791427612,0.09567160904407501,0.025652242824435234,0.0895061269402504
953,0.024347400292754173,0.09427628666162491,0.025606637820601463,0.0894235149025917
954,0.024840224534273148,0.09530448913574219,0.02603801153600216,0.09046906977891922
955,0.02569296583533287,0.09726402908563614,0.0252714604139328,0.08824761211872101
956,0.02518950216472149,0.09592216461896896,0.026370974257588387,0.09156689047813416
957,0.02439986728131771,0.09421908855438232,0.025430012494325638,0.08926883339881897
958,0.023934023454785347,0.09357231110334396,0.02728215418756008,0.09347624331712723
959,0.02441317029297352,0.09465795010328293,0.02651410549879074,0.09172587841749191
960,0.024293355643749237,0.09406900405883789,0.026190461590886116,0.09097947925329208
961,0.02339109592139721,0.0921018198132515,0.025695955380797386,0.08956732600927353
962,0.024877918884158134,0.09510751068592072,0.026175396516919136,0.09123938530683517
963,0.024693693965673447,0.09466531127691269,0.028064260259270668,0.0950886607170105
964,0.0245194248855114,0.09431160241365433,0.025759538635611534,0.09170524030923843
965,0.024017086252570152,0.09323254227638245,0.02623298205435276,0.09221457690000534
966,0.023554610088467598,0.09226448833942413,0.025242256000638008,0.08855774998664856
967,0.02367391437292099,0.09258954226970673,0.02933887392282486,0.09700437635183334
968,0.023999130353331566,0.09377973526716232,0.025959346443414688,0.09302620589733124
969,0.02500729449093342,0.09545675665140152,0.02609908953309059,0.09244266897439957
970,0.024042032659053802,0.09367550164461136,0.025691093876957893,0.08954174816608429
971,0.024385320022702217,0.0941973403096199,0.026640694588422775,0.09184372425079346
972,0.023217689245939255,0.09219905734062195,0.02529594674706459,0.08879553526639938
973,0.023088248446583748,0.09100215137004852,0.025495512410998344,0.08989740163087845
974,0.02375875785946846,0.09276987612247467,0.02922736294567585,0.09767676889896393
975,0.023102300241589546,0.09136287868022919,0.02522558718919754,0.08945643901824951
976,0.024590294808149338,0.0946330651640892,0.025565914809703827,0.09037736058235168
977,0.02547318860888481,0.09618847072124481,0.025942984968423843,0.09009634703397751
978,0.02863260731101036,0.1039251983165741,0.02912595309317112,0.09719007462263107
979,0.025292474776506424,0.09745972603559494,0.02793998084962368,0.0945487841963768
980,0.02394082210958004,0.09325143694877625,0.02628442831337452,0.09126841276884079
981,0.02397155575454235,0.09309516847133636,0.025639643892645836,0.08957403153181076
982,0.02430107444524765,0.09398261457681656,0.02611429989337921,0.09102392941713333
983,0.023805569857358932,0.09262580424547195,0.027244877070188522,0.09269574284553528
984,0.025467446073889732,0.09636572003364563,0.025807972997426987,0.08956797420978546
985,0.023732569068670273,0.09284346550703049,0.026537155732512474,0.09041242301464081
986,0.024552321061491966,0.09478401392698288,0.025161651894450188,0.08769004046916962
987,0.025206204503774643,0.09565699100494385,0.025548793375492096,0.09013863652944565
988,0.025194533169269562,0.09555535763502121,0.025305908173322678,0.08879761397838593
989,0.024321772158145905,0.09406562149524689,0.02603866718709469,0.09078484773635864
990,0.02394917793571949,0.09307945519685745,0.024974551051855087,0.0884103998541832
991,0.025516899302601814,0.09723273664712906,0.026114866137504578,0.09034475684165955
992,0.02560180425643921,0.0968242809176445,0.025012893602252007,0.0879216119647026
993,0.025389187037944794,0.09650618582963943,0.028137167915701866,0.09599555283784866
994,0.025655200704932213,0.09725601226091385,0.025679243728518486,0.08984263986349106
995,0.0241256020963192,0.094048410654068,0.025829019024968147,0.09054003655910492
996,0.02474941313266754,0.0949648767709732,0.025069257244467735,0.08812407404184341
997,0.02420528419315815,0.09408658742904663,0.025658532977104187,0.09042886644601822
998,0.026035195216536522,0.09797228872776031,0.028953835368156433,0.09729105234146118
999,0.02428797073662281,0.09407753497362137,0.02521955966949463,0.08852208405733109
1000,0.02411050722002983,0.09355486184358597,0.025617854669690132,0.08892505615949631
1001,0.02424854226410389,0.09401103109121323,0.02482975274324417,0.08721312135457993
1002,0.025766201317310333,0.09722696989774704,0.02492111176252365,0.08734754472970963
1003,0.02485840767621994,0.09520750492811203,0.02513544075191021,0.08850818872451782
1004,0.023676298558712006,0.09280584752559662,0.025111207738518715,0.08952972292900085
1005,0.024559205397963524,0.09482448548078537,0.02536916546523571,0.08902279287576675
1006,0.02616710588335991,0.0983148142695427,0.031493790447711945,0.10412944108247757
1007,0.023444777354598045,0.09257633984088898,0.026336809620261192,0.09387683123350143
1008,0.025553831830620766,0.09705391526222229,0.02741866745054722,0.09739676117897034
1009,0.02327517606317997,0.0926918089389801,0.02540138177573681,0.09149361401796341
1010,0.023250974714756012,0.09227398037910461,0.027148490771651268,0.09532606601715088
1011,0.02486555092036724,0.09512139856815338,0.028363065794110298,0.09802448749542236
1012,0.023181328549981117,0.09218476712703705,0.0250410083681345,0.08740698546171188
1013,0.023945767432451248,0.09333301335573196,0.027792172506451607,0.09475360065698624
1014,0.0237639881670475,0.09269057959318161,0.024716610088944435,0.08653844147920609
1015,0.023447761312127113,0.09214828163385391,0.024804463610053062,0.08753405511379242
1016,0.024537665769457817,0.09397538751363754,0.025345254689455032,0.08898307383060455
1017,0.02580108866095543,0.09718175232410431,0.025689296424388885,0.08940805494785309
1018,0.024057136848568916,0.09348012506961823,0.02512587606906891,0.08926532417535782
1019,0.025977855548262596,0.097906693816185,0.025122907012701035,0.08828844875097275
1020,0.02360379882156849,0.09231240302324295,0.034040361642837524,0.10750239342451096
1021,0.026000356301665306,0.09718728065490723,0.025228802114725113,0.08797243982553482
1022,0.02533775009214878,0.09619323164224625,0.02481088973581791,0.08722615242004395
1023,0.02673978917300701,0.09961960464715958,0.024622520431876183,0.08702121675014496
1024,0.023611750453710556,0.09257928282022476,0.025024106726050377,0.08812486380338669
1025,0.023079654201865196,0.09167855232954025,0.024812133982777596,0.08690507709980011
1026,0.024498194456100464,0.09419522434473038,0.024629563093185425,0.08694379776716232
1027,0.02451632358133793,0.09448779374361038,0.02504013292491436,0.08762667328119278
1028,0.023614423349499702,0.09286153316497803,0.026803594082593918,0.09307339042425156
1029,0.024057960137724876,0.09355279803276062,0.027390243485569954,0.09534687548875809
1030,0.024735279381275177,0.09490571171045303,0.025150129571557045,0.08784230053424835
1031,0.023635968565940857,0.09220033884048462,0.028324147686362267,0.09803300350904465
1032,0.02413313463330269,0.09347964823246002,0.024853700771927834,0.08914706856012344
1033,0.025955261662602425,0.09686868637800217,0.025094809010624886,0.08927888423204422
1034,0.02396116778254509,0.09309380501508713,0.02818148583173752,0.0958951860666275
1035,0.023060647770762444,0.09158682823181152,0.025491904467344284,0.09077702462673187
1036,0.023858169093728065,0.0928708165884018,0.02502553164958954,0.08821611106395721
1037,0.022807031869888306,0.09050814807415009,0.02502182126045227,0.08755815029144287
1038,0.02378540113568306,0.0925828367471695,0.02480928972363472,0.08712027221918106
1039,0.023569034412503242,0.09225694835186005,0.027636390179395676,0.09669981896877289
1040,0.024682875722646713,0.09467414021492004,0.025008130818605423,0.08952189236879349
1041,0.02374679408967495,0.09365345537662506,0.0298857893794775,0.09817434847354889
1042,0.025235889479517937,0.09650614112615585,0.025184225291013718,0.08935433626174927
1043,0.025057325139641762,0.09506897628307343,0.035900916904211044,0.11014078557491302
1044,0.027552401646971703,0.10125260055065155,0.027176499366760254,0.09356624633073807
1045,0.027546698227524757,0.10114742070436478,0.030885590240359306,0.10123962163925171
1046,0.025241289287805557,0.09669182449579239,0.025396443903446198,0.08792624622583389
1047,0.02575899101793766,0.0962388664484024,0.02654176764190197,0.0916045531630516
1048,0.025115692988038063,0.09487851709127426,0.02546571008861065,0.08866538107395172
1049,0.022830011323094368,0.09054280072450638,0.02479524537920952,0.08735799789428711
1050,0.02367076277732849,0.0929221585392952,0.025360651314258575,0.0900101363658905
1051,0.024396182969212532,0.0936945453286171,0.02475016936659813,0.08684372156858444
1052,0.024139195680618286,0.09285594522953033,0.024928096681833267,0.08845821768045425
1053,0.025081323459744453,0.09536570310592651,0.027799174189567566,0.09273124486207962
1054,0.026599248871207237,0.09813810139894485,0.03286925330758095,0.10263016074895859
1055,0.023729929700493813,0.09309911727905273,0.02529297024011612,0.09068138152360916
1056,0.02388709969818592,0.09321996569633484,0.027188079431653023,0.09487539529800415
1057,0.024387195706367493,0.09411579370498657,0.025831274688243866,0.09091213345527649
1058,0.024989131838083267,0.09555225074291229,0.025808682665228844,0.09008019417524338
1059,0.02566133812069893,0.09687577933073044,0.02615652047097683,0.08957173675298691
1060,0.024291008710861206,0.09358149766921997,0.02581894025206566,0.09040696173906326
1061,0.025407474488019943,0.09546733647584915,0.025364357978105545,0.08870752155780792
1062,0.023420186713337898,0.0917300283908844,0.024189218878746033,0.08527442067861557
1063,0.023935239762067795,0.09289168566465378,0.02444392628967762,0.08597555011510849
1064,0.02390970103442669,0.09372415393590927,0.024257482960820198,0.08569635450839996
1065,0.023909633979201317,0.09384184330701828,0.025343317538499832,0.08868855983018875
1066,0.025601770728826523,0.09705532342195511,0.024433031678199768,0.08637456595897675
1067,0.023624077439308167,0.09274614602327347,0.0247814804315567,0.08707156777381897
1068,0.022917574271559715,0.09113699942827225,0.025388484820723534,0.0884869247674942
1069,0.02314022369682789,0.0912272036075592,0.025342190638184547,0.08836449682712555
1070,0.023515118286013603,0.09215442836284637,0.024661248549818993,0.08753512799739838
1071,0.02414565347135067,0.09370463341474533,0.024615982547402382,0.08625150471925735
1072,0.025998754426836967,0.09805378317832947,0.0273356344550848,0.09281905740499496
1073,0.0245720986276865,0.09433053433895111,0.024714983999729156,0.08871851861476898
1074,0.025848982855677605,0.09638826549053192,0.024509403854608536,0.08777552843093872
1075,0.024764273315668106,0.09438292682170868,0.025475474074482918,0.09114546328783035
1076,0.023545779287815094,0.09286817908287048,0.02517935447394848,0.09259384870529175
1077,0.025125205516815186,0.09601373225450516,0.0316011942923069,0.10656596720218658
1078,0.025378547608852386,0.09671111404895782,0.025964537635445595,0.09343758970499039
1079,0.024964096024632454,0.09589885920286179,0.02804434299468994,0.09979570657014847
1080,0.02510269545018673,0.09576258808374405,0.027102014049887657,0.09472629427909851
1081,0.025806069374084473,0.09639282524585724,0.0244975034147501,0.08790639787912369
1082,0.022865500301122665,0.09043543040752411,0.026016976684331894,0.09117201715707779
1083,0.023080550134181976,0.09143341332674026,0.024179570376873016,0.0851670652627945
1084,0.02391955628991127,0.09332620352506638,0.02487548068165779,0.08821050822734833
1085,0.022113220766186714,0.08907563984394073,0.024759188294410706,0.08804492652416229
1086,0.023600056767463684,0.09235934913158417,0.0249624140560627,0.087007075548172
1087,0.025178618729114532,0.09563218802213669,0.024971745908260345,0.08687572181224823
1088,0.022231461480259895,0.0893557146191597,0.024497492238879204,0.08848707377910614
1089,0.02159092389047146,0.08748217672109604,0.024016529321670532,0.08475314825773239
1090,0.02365448698401451,0.09303031861782074,0.02456025220453739,0.08629032969474792
1091,0.02295100875198841,0.0912717878818512,0.026122622191905975,0.09022518247365952
1092,0.022992873564362526,0.09158250689506531,0.02475479617714882,0.08860360085964203
1093,0.02538231387734413,0.09707314521074295,0.024813536554574966,0.09102147072553635
1094,0.022068247199058533,0.08866828680038452,0.025176458060741425,0.08807767182588577
1095,0.02252264693379402,0.08987431228160858,0.02431540936231613,0.08664589375257492
1096,0.02278420887887478,0.09028004854917526,0.024232380092144012,0.0872419998049736
1097,0.022475466132164,0.09020816534757614,0.02472713589668274,0.09000180661678314
1098,0.022588208317756653,0.09010978043079376,0.024623142555356026,0.08918044716119766
1099,0.02202034369111061,0.08873168379068375,0.02395246922969818,0.08649839460849762
1100,0.022493762895464897,0.08972682803869247,0.024570951238274574,0.08663050830364227
1101,0.02385065145790577,0.09337799996137619,0.02530326507985592,0.08803343027830124
1102,0.02275935560464859,0.09105335175991058,0.02466665767133236,0.08654656261205673
1103,0.022646864876151085,0.09040357917547226,0.023870298638939857,0.08444803208112717
1104,0.022273067384958267,0.08930301666259766,0.023945404216647148,0.0857028141617775
1105,0.024117667227983475,0.09304818511009216,0.024136854335665703,0.0850401520729065
1106,0.022773440927267075,0.09070591628551483,0.024391576647758484,0.08622483909130096
1107,0.02218492515385151,0.08921363204717636,0.024078205227851868,0.08531171083450317
1108,0.022034388035535812,0.08871647715568542,0.0240169670432806,0.08539015054702759
1109,0.0230190921574831,0.09115386754274368,0.02412114292383194,0.0853629857301712
1110,0.023991234600543976,0.09391134977340698,0.023922665044665337,0.08451284468173981
1111,0.022800350561738014,0.09075462818145752,0.02434423752129078,0.08569236099720001
1112,0.021350324153900146,0.08737439662218094,0.02455935999751091,0.08775654435157776
1113,0.022292405366897583,0.08975187689065933,0.025609619915485382,0.08838208019733429
1114,0.023221679031848907,0.09208343178033829,0.02400028519332409,0.08504406362771988
1115,0.022195320576429367,0.08926435559988022,0.024502752348780632,0.08633934706449509
1116,0.022312171757221222,0.08905617892742157,0.025046098977327347,0.08740857988595963
1117,0.022727608680725098,0.09018191695213318,0.024740558117628098,0.08886127173900604
1118,0.022220008075237274,0.08862869441509247,0.024090232327580452,0.0863579660654068
1119,0.022282041609287262,0.08896742016077042,0.024564053863286972,0.08607002347707748
1120,0.02246791310608387,0.09005071967840195,0.02540699578821659,0.08884400129318237
1121,0.02267586439847946,0.09070184081792831,0.02410903200507164,0.08596467226743698
1122,0.023422380909323692,0.09209928661584854,0.0237286314368248,0.08413650840520859
1123,0.02283092588186264,0.09091166406869888,0.023840993642807007,0.08529789745807648
1124,0.02240152657032013,0.08949066698551178,0.024010727182030678,0.08519748598337173
1125,0.02233094722032547,0.08955931663513184,0.024998165667057037,0.08754000067710876
1126,0.021509377285838127,0.08722742646932602,0.024070486426353455,0.08539095520973206
1127,0.02187225967645645,0.08832487463951111,0.02425519749522209,0.08637554198503494
1128,0.02215554378926754,0.08855576813220978,0.026619235053658485,0.09090084582567215
1129,0.022285567596554756,0.0896335169672966,0.024339165538549423,0.0858776792883873
1130,0.02254263311624527,0.08989936113357544,0.02436460740864277,0.0888219028711319
1131,0.022231154143810272,0.08874708414077759,0.024880077689886093,0.08804399520158768
1132,0.022737357765436172,0.08964037150144577,0.024469077587127686,0.08581994473934174
1133,0.02253764308989048,0.08963673561811447,0.025786131620407104,0.09093287587165833
1134,0.022497087717056274,0.08968047052621841,0.02529270015656948,0.08808545023202896
1135,0.02410225011408329,0.09377755224704742,0.024210913106799126,0.08637963980436325
1136,0.02376638911664486,0.09216585010290146,0.02927416004240513,0.09643013030290604
1137,0.025441613048315048,0.09641437232494354,0.032482776790857315,0.10309615731239319
1138,0.02307242341339588,0.09147733449935913,0.024313267320394516,0.08549431711435318
1139,0.022770797833800316,0.09035888314247131,0.024099653586745262,0.08488163352012634
1140,0.02217695489525795,0.08952885121107101,0.025054924190044403,0.08728545904159546
1141,0.021640721708536148,0.08762216567993164,0.023913953453302383,0.08487330377101898
1142,0.023511435836553574,0.09239234030246735,0.023902807384729385,0.08456701785326004
1143,0.023835377767682076,0.09285116195678711,0.02423163317143917,0.08689408004283905
1144,0.022397425025701523,0.08992090076208115,0.024949487298727036,0.08716139942407608
1145,0.02174513041973114,0.08768448233604431,0.024533230811357498,0.08663319796323776
1146,0.021663453429937363,0.08783609420061111,0.02393038012087345,0.084807388484478
1147,0.023679491132497787,0.09257849305868149,0.029028894379734993,0.096977598965168
1148,0.02348167635500431,0.0922166183590889,0.02517397701740265,0.08831938356161118
1149,0.02167048119008541,0.08834070712327957,0.026472315192222595,0.09033863991498947
1150,0.023441987112164497,0.09265691787004471,0.024064281955361366,0.08511217683553696
1151,0.022372163832187653,0.08992176502943039,0.02998426742851734,0.09759952127933502
1152,0.023392019793391228,0.09264761209487915,0.023794593289494514,0.08418326824903488
1153,0.02196940965950489,0.08881963044404984,0.024310141801834106,0.08534111827611923
1154,0.022065795958042145,0.08929305523633957,0.023838190361857414,0.08485560864210129
1155,0.023422284051775932,0.092436783015728,0.02440011315047741,0.08553797006607056
1156,0.021619150415062904,0.08769933879375458,0.025415662676095963,0.08745155483484268
1157,0.021323097869753838,0.08717674762010574,0.02348974719643593,0.08334243297576904
1158,0.02320280112326145,0.09205291420221329,0.024255188181996346,0.08547709137201309
1159,0.021902533248066902,0.0890403464436531,0.02437858283519745,0.08587773144245148
1160,0.021565044298768044,0.08785822242498398,0.024778079241514206,0.08678875863552094
1161,0.021863102912902832,0.0888013169169426,0.02374842017889023,0.08427423983812332
1162,0.02228890173137188,0.09020286798477173,0.024898216128349304,0.0869808942079544
1163,0.022541247308254242,0.09035034477710724,0.023881586268544197,0.08487804234027863
1164,0.022847980260849,0.09109002351760864,0.02405594289302826,0.08526071906089783
1165,0.022621825337409973,0.09046502411365509,0.023850897327065468,0.0843333899974823
1166,0.02140006236732006,0.08729300647974014,0.023917485028505325,0.08479630947113037
1167,0.022890374064445496,0.09065234661102295,0.02408699132502079,0.08748281002044678
1168,0.021889524534344673,0.08807948231697083,0.023538006469607353,0.08413168787956238
1169,0.021824797615408897,0.08788707852363586,0.023667698726058006,0.08543571829795837
1170,0.021627768874168396,0.08765122294425964,0.023819709196686745,0.08539684116840363
1171,0.02217661216855049,0.08927811682224274,0.025062566623091698,0.09211578965187073
1172,0.021462833508849144,0.08744010329246521,0.023510582745075226,0.08350669592618942
1173,0.021379860118031502,0.08767793327569962,0.024023495614528656,0.08817373216152191
1174,0.02273114025592804,0.09101324528455734,0.025445658713579178,0.08812098950147629
1175,0.021969811990857124,0.08871390670537949,0.024259230121970177,0.08527377992868423
1176,0.02209646999835968,0.08953215181827545,0.02442692033946514,0.08649943023920059
1177,0.02231406792998314,0.08972373604774475,0.024860762059688568,0.08801937103271484
1178,0.022660333663225174,0.09078982472419739,0.02490975148975849,0.08698136359453201
1179,0.020877046510577202,0.08576193451881409,0.024519216269254684,0.08616776019334793
1180,0.022527486085891724,0.08989881724119186,0.02427038736641407,0.08976849168539047
1181,0.0223653893917799,0.08952728658914566,0.02355288714170456,0.08488359302282333
1182,0.023812904953956604,0.09325041621923447,0.024864356964826584,0.08650591969490051
1183,0.02259393036365509,0.09064722806215286,0.02364998683333397,0.08482471853494644
1184,0.02236066572368145,0.08927986025810242,0.023762453347444534,0.08406166732311249
1185,0.02228711172938347,0.08970074355602264,0.023281779140233994,0.08274230360984802
1186,0.02257329225540161,0.0909072682261467,0.023246239870786667,0.08314763754606247
1187,0.020937278866767883,0.08626247197389603,0.02412845753133297,0.08508078008890152
1188,0.022142119705677032,0.08997727185487747,0.025208668783307076,0.08733755350112915
1189,0.021471399813890457,0.08751098066568375,0.023790208622813225,0.08394244313240051
1190,0.020730596035718918,0.08598706871271133,0.023642761632800102,0.08493039011955261
1191,0.022121112793684006,0.08853738754987717,0.024637890979647636,0.0870310589671135
1192,0.021567601710557938,0.08776074647903442,0.025974463671445847,0.08937894552946091
1193,0.021800465881824493,0.0889662429690361,0.02501019462943077,0.08708222210407257
1194,0.022254198789596558,0.08952579647302628,0.0240921787917614,0.08663430064916611
1195,0.02261696755886078,0.08972441405057907,0.0238883588463068,0.08428958803415298
1196,0.021672921255230904,0.08788755536079407,0.024606755003333092,0.08658881485462189
1197,0.02245686575770378,0.08937686681747437,0.023651083931326866,0.0841636210680008
1198,0.021734939888119698,0.08776979148387909,0.024213170632719994,0.08577879518270493
1199,0.02254503406584263,0.0903015285730362,0.024278361350297928,0.08544974029064178
1200,0.02242879942059517,0.08964212238788605,0.02594684064388275,0.08916033804416656
1201,0.023267129436135292,0.09115225076675415,0.02402903325855732,0.08524847030639648
1202,0.022292960435152054,0.08921514451503754,0.028557753190398216,0.0983119010925293
1203,0.022989658638834953,0.09099790453910828,0.023547619581222534,0.08525365591049194
1204,0.02274702861905098,0.09016148746013641,0.023578619584441185,0.08338166028261185
1205,0.021754514425992966,0.08733294159173965,0.02902163378894329,0.09599695354700089
1206,0.0217073243111372,0.08752213418483734,0.024246787652373314,0.08611249178647995
1207,0.022073164582252502,0.08823046833276749,0.026854751631617546,0.09173742681741714
1208,0.02362808771431446,0.09233154356479645,0.026119373738765717,0.08942127227783203
1209,0.02145201712846756,0.08736799657344818,0.023671694099903107,0.08518054336309433
1210,0.02278127335011959,0.09027234464883804,0.025301851332187653,0.09320513904094696
1211,0.022523803636431694,0.09049773216247559,0.030528081580996513,0.10348965972661972
1212,0.024852029979228973,0.0945853441953659,0.02337929978966713,0.08384528756141663
1213,0.02206914871931076,0.08832921832799911,0.024879423901438713,0.0876200869679451
1214,0.023191707208752632,0.09092184156179428,0.023704707622528076,0.08410704880952835
1215,0.022693149745464325,0.08999785780906677,0.026963401585817337,0.09199060499668121
1216,0.02200857177376747,0.08829635381698608,0.02332455851137638,0.0832105278968811
1217,0.022382427006959915,0.08901296555995941,0.023372886702418327,0.08296218514442444
1218,0.022472992539405823,0.08956445008516312,0.023220354691147804,0.08255907893180847
1219,0.024531610310077667,0.09364819526672363,0.02483135461807251,0.08742101490497589
1220,0.022995565086603165,0.09061794728040695,0.02479100599884987,0.08622477948665619
1221,0.02363038994371891,0.09182042628526688,0.02381688356399536,0.08489515632390976
1222,0.02142200618982315,0.08691184967756271,0.023161688819527626,0.08245778828859329
1223,0.021843450143933296,0.08876059949398041,0.023610299453139305,0.08328022807836533
1224,0.022522542625665665,0.08984991908073425,0.023553604260087013,0.0837637260556221
1225,0.022353369742631912,0.08980200439691544,0.02456614561378956,0.08919864147901535
1226,0.02171098254621029,0.08804510533809662,0.02328941971063614,0.08432913571596146
1227,0.023754170164465904,0.09238181263208389,0.024075737223029137,0.0895383283495903
1228,0.025106696411967278,0.09535901993513107,0.02494746632874012,0.08730407804250717
1229,0.025033991783857346,0.09505850821733475,0.02465871348977089,0.08627807348966599
1230,0.022045830264687538,0.08901278674602509,0.02799801528453827,0.09323244541883469
1231,0.023811591789126396,0.09360513836145401,0.023228231817483902,0.08237040787935257
1232,0.0249288659542799,0.09437786787748337,0.027795560657978058,0.09369463473558426
1233,0.022085843607783318,0.08869694173336029,0.02351202815771103,0.08381079882383347
1234,0.023209471255540848,0.09107784926891327,0.024449974298477173,0.08596668392419815
1235,0.02423802949488163,0.09326615184545517,0.02476022206246853,0.08680407702922821
1236,0.024617141112685204,0.0932731106877327,0.023229822516441345,0.08252100646495819
1237,0.022720420733094215,0.08978951722383499,0.024019483476877213,0.08520594239234924
1238,0.022139912471175194,0.08874723315238953,0.02350125089287758,0.08513697981834412
1239,0.021210117265582085,0.08741942793130875,0.024796850979328156,0.08974836766719818
1240,0.0225403793156147,0.09033839404582977,0.02359112538397312,0.08398569375276566
1241,0.024782417342066765,0.09470824152231216,0.02353372424840927,0.08373817056417465
1242,0.02374589443206787,0.09263108670711517,0.024095669388771057,0.08522038161754608
1243,0.021123969927430153,0.0870167687535286,0.02348538115620613,0.08356264233589172
1244,0.0211207065731287,0.08694802224636078,0.02320059761404991,0.08325999975204468
1245,0.021402744576334953,0.08669273555278778,0.023321637883782387,0.08355645090341568
1246,0.020901672542095184,0.08550681918859482,0.023232055827975273,0.08281159400939941
1247,0.023096367716789246,0.09152452647686005,0.023457752540707588,0.0839511826634407
1248,0.020868634805083275,0.08555710315704346,0.02338818646967411,0.08401557058095932
1249,0.020539797842502594,0.08488982170820236,0.023395007476210594,0.08312230557203293
1250,0.021646838635206223,0.08746923506259918,0.024477308616042137,0.08594958484172821
1251,0.023422351107001305,0.09205357730388641,0.023763110861182213,0.08432169258594513
1252,0.022557348012924194,0.08971980959177017,0.024092931300401688,0.08827753365039825
1253,0.02118595875799656,0.08664105832576752,0.03154328465461731,0.10169311612844467
1254,0.02171778492629528,0.08754178136587143,0.02331756055355072,0.08300253003835678
1255,0.021730659529566765,0.08778463304042816,0.024152766913175583,0.08525875210762024
1256,0.02468894049525261,0.09418845921754837,0.029809968546032906,0.0977875366806984
1257,0.02222244255244732,0.08872821182012558,0.02343731001019478,0.08367879688739777
1258,0.02121729962527752,0.08653266727924347,0.0243613850325346,0.08696629106998444
1259,0.02201332524418831,0.08815429359674454,0.023761384189128876,0.08791831880807877
1260,0.020763983950018883,0.08542194962501526,0.024344494566321373,0.08543971925973892
1261,0.021461043506860733,0.08704860508441925,0.023040637373924255,0.08357587456703186
1262,0.02257755771279335,0.0904693529009819,0.023454463109374046,0.08362314105033875
1263,0.023006852716207504,0.09098757803440094,0.023822426795959473,0.08420922607183456
1264,0.021569129079580307,0.08747896552085876,0.02323908731341362,0.08464084565639496
1265,0.020967407152056694,0.08592300862073898,0.023118367418646812,0.08300133049488068
1266,0.021721018478274345,0.08742985874414444,0.023033754900097847,0.08342455327510834
1267,0.021203942596912384,0.08639547973871231,0.023391297087073326,0.08554384857416153
1268,0.023555366322398186,0.09175939112901688,0.023639339953660965,0.08560511469841003
1269,0.023130234330892563,0.0907243862748146,0.023823926225304604,0.08445917814970016
1270,0.022448966279625893,0.0889153778553009,0.02280791662633419,0.08220541477203369
1271,0.022999517619609833,0.0901450663805008,0.02378900907933712,0.08627915382385254
1272,0.023414433002471924,0.09120447933673859,0.02457011677324772,0.08515344560146332
1273,0.022360196337103844,0.08880502730607986,0.022947629913687706,0.0831439420580864
1274,0.02175198309123516,0.08785192668437958,0.022921159863471985,0.08183048665523529
1275,0.0210983045399189,0.08627602458000183,0.02447199635207653,0.0858236625790596
1276,0.021674279123544693,0.08768761903047562,0.02297849953174591,0.08279404044151306
1277,0.023313455283641815,0.09215372055768967,0.02299465984106064,0.0824543759226799
1278,0.02415660209953785,0.09379158169031143,0.023145154118537903,0.08320410549640656
1279,0.022495612502098083,0.0908469557762146,0.025383802130818367,0.09037492424249649
1280,0.022923538461327553,0.09097432345151901,0.023287732154130936,0.08287551254034042
1281,0.02214258350431919,0.08839411288499832,0.022824054583907127,0.08206471055746078
1282,0.02086281217634678,0.08566311001777649,0.023348333314061165,0.08232922106981277
1283,0.020421167835593224,0.08420762419700623,0.02318069525063038,0.08218014985322952
1284,0.022008365020155907,0.08827120810747147,0.02796114794909954,0.09646961092948914
1285,0.02305186726152897,0.09111195802688599,0.022891947999596596,0.08193761855363846
1286,0.02048291079699993,0.08470416069030762,0.023481404408812523,0.08284910023212433
1287,0.022347019985318184,0.08937686681747437,0.022900009527802467,0.08287791162729263
1288,0.02112848497927189,0.08650107681751251,0.02359575405716896,0.08683331310749054
1289,0.020987078547477722,0.08608700335025787,0.02304072678089142,0.08404386043548584
1290,0.023007303476333618,0.09096916764974594,0.023710794746875763,0.08392333984375
1291,0.024494849145412445,0.09303591400384903,0.022857949137687683,0.08137616515159607
1292,0.02069281041622162,0.08495081961154938,0.022711703553795815,0.0814448669552803
1293,0.023501763120293617,0.09189271926879883,0.029875341802835464,0.09936287999153137
1294,0.02313924953341484,0.09043152630329132,0.022813191637396812,0.08110638707876205
1295,0.021644866093993187,0.08719829469919205,0.023099912330508232,0.08411481231451035
1296,0.022845417261123657,0.0897713452577591,0.02384733036160469,0.08574789017438889
1297,0.021402042359113693,0.08638153225183487,0.02271725796163082,0.08211246132850647
1298,0.02102280966937542,0.08550618588924408,0.023050379008054733,0.08315214514732361
1299,0.021512608975172043,0.08717111498117447,0.023196397349238396,0.08274194598197937
1300,0.023640422150492668,0.0924706682562828,0.023132208734750748,0.0824086144566536
1301,0.02125207521021366,0.08677174896001816,0.024015674367547035,0.08703942596912384
1302,0.02377362549304962,0.09234216809272766,0.023277271538972855,0.08382127434015274
1303,0.022174831479787827,0.08806540817022324,0.023274188861250877,0.0832662284374237
1304,0.02151285856962204,0.08676247298717499,0.024709833785891533,0.08996856957674026
1305,0.02035907283425331,0.08433382213115692,0.02293022908270359,0.08210627734661102
1306,0.021405940875411034,0.08740931749343872,0.02284085750579834,0.08257760107517242
1307,0.020752379670739174,0.08497098088264465,0.022908028215169907,0.0826970562338829
1308,0.021131116896867752,0.08629488199949265,0.024584053084254265,0.08610159158706665
1309,0.02142282947897911,0.087347112596035,0.023039504885673523,0.08374041318893433
1310,0.02313719503581524,0.09029781818389893,0.025458037853240967,0.08877768367528915
1311,0.02056785672903061,0.08495175093412399,0.02272816374897957,0.08202382922172546
1312,0.020658833906054497,0.08461962640285492,0.022652769461274147,0.08137280493974686
1313,0.021583285182714462,0.08709761500358582,0.026535382494330406,0.0903034582734108
1314,0.02294636145234108,0.09126651287078857,0.026809999719262123,0.09146597981452942
1315,0.025169139727950096,0.09544329345226288,0.028087083250284195,0.09637930989265442
1316,0.023340685293078423,0.09128454327583313,0.026696419343352318,0.09093213081359863
1317,0.023495931178331375,0.09185542911291122,0.022939104586839676,0.08267782628536224
1318,0.024448106065392494,0.0936751589179039,0.023683572188019753,0.08909817039966583
1319,0.02306388132274151,0.09098115563392639,0.026847202330827713,0.09262090921401978
1320,0.02318505011498928,0.09097824990749359,0.02278224006295204,0.08137935400009155
1321,0.01970965974032879,0.08251191675662994,0.022628407925367355,0.08134567737579346
1322,0.02216152660548687,0.08934010565280914,0.025234950706362724,0.08902918547391891
1323,0.02154342085123062,0.08759763091802597,0.02387659251689911,0.08526141941547394
1324,0.020641431212425232,0.08484385907649994,0.026508880779147148,0.09249386936426163
1325,0.021145189180970192,0.08626691997051239,0.0245815422385931,0.08610419183969498
1326,0.020647384226322174,0.08506014943122864,0.02254808321595192,0.08175012469291687
1327,0.02187434770166874,0.08805631846189499,0.025869790464639664,0.08830432593822479
1328,0.02078705094754696,0.08527930825948715,0.02372404932975769,0.08363641798496246
1329,0.021095987409353256,0.08588965237140656,0.025013603270053864,0.0863538384437561
1330,0.02306998521089554,0.09091511368751526,0.022825654596090317,0.08210557699203491
1331,0.021615970879793167,0.08731121569871902,0.022676492109894753,0.0812055692076683
1332,0.021460263058543205,0.08697983622550964,0.022636868059635162,0.081360824406147
1333,0.0212483499199152,0.08666490763425827,0.023016007617115974,0.0840282067656517
1334,0.02112596109509468,0.0863424688577652,0.022988373413681984,0.08185950666666031
1335,0.02094818651676178,0.08597435802221298,0.02371806465089321,0.08388586342334747
1336,0.020635981112718582,0.08495474606752396,0.022505318745970726,0.08083843439817429
1337,0.021458633244037628,0.0870523750782013,0.023529676720499992,0.08470364660024643
1338,0.021390769630670547,0.08718591928482056,0.024636423215270042,0.08767250180244446
1339,0.021790483966469765,0.08785496652126312,0.022566869854927063,0.0810498371720314
1340,0.023300494998693466,0.0911371186375618,0.02339349500834942,0.08366359770298004
1341,0.021029602736234665,0.08574552088975906,0.022522397339344025,0.0814611166715622
1342,0.020168758928775787,0.08407595753669739,0.022692270576953888,0.08129806816577911
1343,0.02087000384926796,0.08512438088655472,0.022598957642912865,0.08088205754756927
1344,0.020166784524917603,0.0835585743188858,0.02238246612250805,0.08010954409837723
1345,0.020205173641443253,0.08362937718629837,0.022736549377441406,0.08093290776014328
1346,0.01975550316274166,0.08252661675214767,0.02265058271586895,0.08103080838918686
1347,0.020090026780962944,0.08363150805234909,0.022563381120562553,0.08170785009860992
1348,0.02142011746764183,0.08731578290462494,0.022823955863714218,0.08188510686159134
1349,0.02067798376083374,0.08491599559783936,0.022555960342288017,0.08136894553899765
1350,0.01963111199438572,0.08227436989545822,0.022922469303011894,0.0814448744058609
1351,0.02024197019636631,0.08410592377185822,0.022909115999937057,0.08258059620857239
1352,0.019683461636304855,0.08240629732608795,0.02293516881763935,0.08320105820894241
1353,0.020710524171590805,0.08512191474437714,0.022704029455780983,0.0824226513504982
1354,0.0202342476695776,0.08380106836557388,0.022495072335004807,0.08162030577659607
1355,0.020889734849333763,0.08547043055295944,0.023485032841563225,0.08309713006019592
1356,0.02135694958269596,0.08699452877044678,0.023236297070980072,0.08518044650554657
1357,0.020415866747498512,0.08456675708293915,0.02362596057355404,0.08428433537483215
1358,0.02038734033703804,0.08435098081827164,0.023748500272631645,0.08337152749300003
1359,0.020679723471403122,0.08515116572380066,0.022786159068346024,0.08146945387125015
1360,0.021602647379040718,0.08699081838130951,0.02267402783036232,0.08114436268806458
1361,0.022077681496739388,0.08849804103374481,0.022280322387814522,0.07991819083690643
1362,0.021469594910740852,0.08717028796672821,0.022367214784026146,0.08056747913360596
1363,0.021542243659496307,0.08718244731426239,0.023044517263770103,0.08182399719953537
1364,0.02214922569692135,0.08938568830490112,0.023323142901062965,0.08343951404094696
1365,0.0219824630767107,0.08871174603700638,0.0224341731518507,0.08009616285562515
1366,0.02275093086063862,0.09065123647451401,0.022503063082695007,0.08037760108709335
1367,0.021993447095155716,0.08885349333286285,0.022502826526761055,0.0815187618136406
1368,0.024885481223464012,0.09542591869831085,0.024739207699894905,0.08588507026433945
1369,0.021713344380259514,0.08752649277448654,0.02478470280766487,0.0862651914358139
1370,0.021313292905688286,0.08678924292325974,0.022521449252963066,0.08047863095998764
1371,0.020941413938999176,0.0862811803817749,0.02287920005619526,0.08308582007884979
1372,0.022203121334314346,0.08823668211698532,0.022487694397568703,0.08120743185281754
1373,0.02048896625638008,0.0844481959939003,0.022202100604772568,0.08021589368581772
1374,0.020426437258720398,0.0844288021326065,0.022440293803811073,0.08170368522405624
1375,0.021900104358792305,0.08775422722101212,0.023274078965187073,0.08412408828735352
1376,0.02060779184103012,0.08464247733354568,0.02256183512508869,0.08138542622327805
1377,0.021754436194896698,0.08790856599807739,0.02343311533331871,0.08372295647859573
1378,0.02034371718764305,0.08411867916584015,0.02234308235347271,0.08027090132236481
1379,0.020434219390153885,0.08535846322774887,0.026881974190473557,0.09083318710327148
1380,0.022163571789860725,0.08980710804462433,0.0230867937207222,0.08177852630615234
1381,0.019859889522194862,0.08297210931777954,0.02237560600042343,0.0806499645113945
1382,0.02105540782213211,0.08699715882539749,0.023251617327332497,0.0873490422964096
1383,0.01929805986583233,0.08202067762613297,0.0229890625923872,0.08481599390506744
1384,0.02037765085697174,0.08452904969453812,0.023815009742975235,0.08438844233751297
1385,0.020056581124663353,0.08376025408506393,0.0237200278788805,0.08806000649929047
1386,0.020136499777436256,0.08371464163064957,0.02294556051492691,0.08188386261463165
1387,0.020574884489178658,0.0848129540681839,0.02408103458583355,0.0845566838979721
1388,0.02011650986969471,0.08382312953472137,0.022585678845643997,0.08222153782844543
1389,0.020740501582622528,0.0856795683503151,0.022446366026997566,0.08146905899047852
1390,0.020792968571186066,0.08543246239423752,0.023067427799105644,0.0836656466126442
1391,0.02075224742293358,0.08528466522693634,0.02243741974234581,0.0807720348238945
1392,0.019958436489105225,0.08447563648223877,0.02297200821340084,0.08304591476917267
1393,0.0215013325214386,0.08727101981639862,0.022189512848854065,0.07957282662391663
1394,0.022345706820487976,0.08953732252120972,0.022263815626502037,0.0805700495839119
1395,0.022416776046156883,0.0897652804851532,0.023950878530740738,0.08546238392591476
1396,0.020493442192673683,0.08526014536619186,0.02281852625310421,0.08397944271564484
1397,0.019870026037096977,0.0844942182302475,0.02239883504807949,0.08059417456388474
1398,0.02066095918416977,0.08656776696443558,0.02344975434243679,0.08766000717878342
1399,0.02294176071882248,0.09075238555669785,0.026288004592061043,0.09154510498046875
1400,0.021722618490457535,0.08714701980352402,0.02226397581398487,0.0808345377445221
1401,0.020517490804195404,0.08594650775194168,0.02227979153394699,0.08026828616857529
1402,0.020047826692461967,0.08403283357620239,0.022157976403832436,0.07983343303203583
1403,0.02045273222029209,0.08496741950511932,0.022180773317813873,0.08002349734306335
1404,0.020049504935741425,0.08354762941598892,0.022686418145895004,0.0827457532286644
1405,0.020205248147249222,0.08410876989364624,0.02313085086643696,0.08218638598918915
1406,0.020313935354351997,0.08411019295454025,0.022638598456978798,0.0812462568283081
1407,0.020427357405424118,0.08436636626720428,0.022702030837535858,0.08093415945768356
1408,0.020619668066501617,0.08530020713806152,0.022309813648462296,0.08178310841321945
1409,0.020272646099328995,0.08447439223527908,0.023003967478871346,0.0861559733748436
1410,0.020980149507522583,0.08625365048646927,0.02233201451599598,0.08126744627952576
1411,0.02177637815475464,0.08798544853925705,0.022400934249162674,0.08145947754383087
1412,0.021394023671746254,0.08725984394550323,0.02419494092464447,0.08479735255241394
1413,0.02093535102903843,0.0858762115240097,0.024385662749409676,0.08510177582502365
1414,0.019942404702305794,0.08311311155557632,0.02317151613533497,0.08548817038536072
1415,0.022086400538682938,0.08835536241531372,0.022896461188793182,0.08267951011657715
1416,0.02403353713452816,0.09249711036682129,0.02306540496647358,0.08457262068986893
1417,0.02170274220407009,0.08705511689186096,0.023622075095772743,0.08555714786052704
1418,0.021068908274173737,0.08599457144737244,0.0228579081594944,0.08185148984193802
1419,0.021086975932121277,0.0864521786570549,0.02228824608027935,0.08048658072948456
1420,0.021811531856656075,0.08793467283248901,0.027206793427467346,0.0918804481625557
1421,0.020740622654557228,0.08544114977121353,0.022371839731931686,0.0812419205904007
1422,0.02039174735546112,0.08481231331825256,0.02252325788140297,0.0799785703420639
1423,0.020282048732042313,0.08442580699920654,0.02300780639052391,0.08189266920089722
1424,0.02081725001335144,0.0855351984500885,0.022261163219809532,0.08032354712486267
1425,0.021580299362540245,0.08817733079195023,0.022924266755580902,0.08323708176612854
1426,0.021954379975795746,0.08827709406614304,0.022601304575800896,0.08091006428003311
1427,0.023791005834937096,0.0925121009349823,0.024498168379068375,0.08525225520133972
1428,0.02229049615561962,0.08876101672649384,0.02268332988023758,0.08152925223112106
1429,0.02090561017394066,0.08548113703727722,0.02213379181921482,0.0799611285328865
1430,0.020350486040115356,0.08415240794420242,0.02362152934074402,0.08466032147407532
1431,0.020186834037303925,0.08340442180633545,0.023761063814163208,0.08678331226110458
1432,0.020430857315659523,0.08404238522052765,0.022456223145127296,0.0805942714214325
1433,0.019762158393859863,0.08255919069051743,0.02262689545750618,0.08113782107830048
1434,0.020645592361688614,0.08462037146091461,0.02256249636411667,0.08057042956352234
1435,0.02177111990749836,0.0873415619134903,0.0221243929117918,0.07920604199171066
1436,0.021455274894833565,0.08695881068706512,0.022712768986821175,0.08081559836864471
1437,0.021358409896492958,0.08649390190839767,0.02244008332490921,0.08029858767986298
1438,0.020005609840154648,0.0832633450627327,0.023762159049510956,0.08384140580892563
1439,0.019913028925657272,0.08287402987480164,0.02206605114042759,0.0802159532904625
1440,0.021177135407924652,0.08606649935245514,0.022246897220611572,0.07979489117860794
1441,0.021939696744084358,0.08760572224855423,0.025336207821965218,0.08820174634456635
1442,0.020545009523630142,0.0845419242978096,0.022262465208768845,0.08030462265014648
1443,0.019644765183329582,0.08237756043672562,0.022398918867111206,0.07992327213287354
1444,0.020146070048213005,0.08398934453725815,0.02214069291949272,0.07966890186071396
1445,0.01984625868499279,0.08295376598834991,0.02222924679517746,0.08055105805397034
1446,0.019612155854701996,0.08246944844722748,0.022455329075455666,0.082553930580616
1447,0.019856026396155357,0.0832790806889534,0.022197309881448746,0.08062539249658585
1448,0.02030816301703453,0.08452457934617996,0.022575214505195618,0.08006220310926437
1449,0.020204178988933563,0.08393370360136032,0.02202351950109005,0.07889723777770996
1450,0.019163882359862328,0.08126282691955566,0.02265838161110878,0.08030182123184204
1451,0.01967795006930828,0.0824638158082962,0.021967293694615364,0.07885383069515228
1452,0.019565057009458542,0.08241855353116989,0.022445539012551308,0.08039630204439163
1453,0.01959071308374405,0.08227154612541199,0.022027090191841125,0.07962838560342789
1454,0.020320232957601547,0.08424515277147293,0.024577124044299126,0.08907575160264969
1455,0.021421974524855614,0.08779208362102509,0.023521238937973976,0.084112748503685
1456,0.020100830122828484,0.08339361101388931,0.021956566721200943,0.07944255322217941
1457,0.020609725266695023,0.0853855088353157,0.022025810554623604,0.07910879701375961
1458,0.020927542820572853,0.08576510846614838,0.02200324460864067,0.07917208224534988
1459,0.020635075867176056,0.08498033881187439,0.022127624601125717,0.08144465833902359
1460,0.019874924793839455,0.08302347362041473,0.02247275598347187,0.08193235099315643
1461,0.020212000235915184,0.08385638892650604,0.023011881858110428,0.0823616236448288
1462,0.0210250336676836,0.08580052107572556,0.023470120504498482,0.08363640308380127
1463,0.020539257675409317,0.08497542142868042,0.023351091891527176,0.08219659328460693
1464,0.020299838855862617,0.08411892503499985,0.02207324281334877,0.07943494617938995
1465,0.020772365853190422,0.08595331758260727,0.02212233655154705,0.08066073805093765
1466,0.020198030397295952,0.08380184322595596,0.022211991250514984,0.08002761006355286
1467,0.022739892825484276,0.09018290787935257,0.02584330551326275,0.08815587311983109
1468,0.021200453862547874,0.08655234426259995,0.022158237174153328,0.07950468361377716
1469,0.021624881774187088,0.08750618994235992,0.02204362116754055,0.07939912378787994
1470,0.02139156498014927,0.08686578273773193,0.022170454263687134,0.0798177421092987
1471,0.02107417769730091,0.08617682009935379,0.02206132560968399,0.07949954271316528
1472,0.021017957478761673,0.08584991842508316,0.02266072854399681,0.08130533248186111
1473,0.021796315908432007,0.08747822046279907,0.02423037774860859,0.08430256694555283
1474,0.020952971652150154,0.08528394252061844,0.024725064635276794,0.08676934987306595
1475,0.021921362727880478,0.08819863200187683,0.022263502702116966,0.0809851810336113
1476,0.022988948971033096,0.09060337394475937,0.02392697148025036,0.08415327221155167
1477,0.020592110231518745,0.08493094146251678,0.02253556437790394,0.0807931125164032
1478,0.020035840570926666,0.08309249579906464,0.022930754348635674,0.08106428384780884
1479,0.019500967115163803,0.08188711851835251,0.02183072455227375,0.07878139615058899
1480,0.021671736612915993,0.08739189803600311,0.022564414888620377,0.08285275846719742
1481,0.020388705655932426,0.08414530754089355,0.021979523822665215,0.07909364253282547
1482,0.021921001374721527,0.08775533735752106,0.022023040801286697,0.07924045622348785
1483,0.021970700472593307,0.08776046335697174,0.023136630654335022,0.08175697177648544
1484,0.020713603124022484,0.08463139832019806,0.024891342967748642,0.08947574347257614
1485,0.02150902710855007,0.08650803565979004,0.030650977045297623,0.10502342879772186
1486,0.022098761051893234,0.08781806379556656,0.02456258051097393,0.08917832374572754
1487,0.020395085215568542,0.08365152031183243,0.022739138454198837,0.08271446079015732
1488,0.019363386556506157,0.08163616061210632,0.02254721336066723,0.08445179462432861
1489,0.021449437364935875,0.08666768670082092,0.02328396961092949,0.08304093778133392
1490,0.021781621500849724,0.0881243646144867,0.02439219504594803,0.08536813408136368
1491,0.021182386204600334,0.08636435866355896,0.021935468539595604,0.07878536731004715
1492,0.020008524879813194,0.08352493494749069,0.02204795368015766,0.07887641340494156
1493,0.02069435827434063,0.08523425459861755,0.021761732175946236,0.0787673369050026
1494,0.020379846915602684,0.08401637524366379,0.021654680371284485,0.07837267220020294
1495,0.019978439435362816,0.08357878029346466,0.022326843813061714,0.0798211321234703
1496,0.020204225555062294,0.08374643325805664,0.022245025262236595,0.07949496805667877
1497,0.022808238863945007,0.08954701572656631,0.022438757121562958,0.08085567504167557
1498,0.02452416531741619,0.0945550948381424,0.022888433188199997,0.08105117082595825
1499,0.0216068048030138,0.08679631352424622,0.021953504532575607,0.07927900552749634
1500,0.021279186010360718,0.08667424321174622,0.021844016388058662,0.07903356105089188
1501,0.02162989415228367,0.08754637092351913,0.02270260639488697,0.08101800829172134
1502,0.02028387226164341,0.0841250941157341,0.022863170132040977,0.08095511794090271
1503,0.019462984055280685,0.08164583146572113,0.024800285696983337,0.08959296345710754
1504,0.01942097581923008,0.0817679688334465,0.024051692336797714,0.0865698754787445
1505,0.021064981818199158,0.08638015389442444,0.022235829383134842,0.08168954402208328
1506,0.01905130408704281,0.08105714619159698,0.02330944500863552,0.08198337256908417
1507,0.019718585535883904,0.08231984823942184,0.02259991131722927,0.08040228486061096
1508,0.018975799903273582,0.08087684959173203,0.023069946095347404,0.08126714080572128
1509,0.019034195691347122,0.08075946569442749,0.022307269275188446,0.07982110232114792
1510,0.019507642835378647,0.0818045511841774,0.02186618372797966,0.07882482558488846
1511,0.018568746745586395,0.07976023107767105,0.02180388756096363,0.0788661316037178
1512,0.020275555551052094,0.08455748856067657,0.02252838760614395,0.08225692808628082
1513,0.019791342318058014,0.08335378766059875,0.021674374118447304,0.07831054925918579
1514,0.019667796790599823,0.08231533318758011,0.021781407296657562,0.07840599119663239
1515,0.01940627209842205,0.08171892911195755,0.022021586075425148,0.07953763008117676
1516,0.022656705230474472,0.09002701193094254,0.02218804322183132,0.07921760529279709
1517,0.019697023555636406,0.08325899392366409,0.022722847759723663,0.08069612085819244
1518,0.019104020670056343,0.08086319267749786,0.021848615258932114,0.07875335961580276
1519,0.02107895538210869,0.0860639438033104,0.021715015172958374,0.07821030914783478
1520,0.02065712958574295,0.0849866196513176,0.02241137996315956,0.0799817219376564
1521,0.021039260551333427,0.0859505906701088,0.021816404536366463,0.07982699573040009
1522,0.0205078087747097,0.08462250977754593,0.023664845153689384,0.08681697398424149
1523,0.021317435428500175,0.0863145962357521,0.02190440520644188,0.07971023768186569
1524,0.01975429803133011,0.0826975405216217,0.02267843671143055,0.08383974432945251
1525,0.020170392468571663,0.08386819809675217,0.022322777658700943,0.0836271345615387
1526,0.02048499882221222,0.08450740575790405,0.021834585815668106,0.07996013760566711
1527,0.02058931067585945,0.08483806252479553,0.02168542705476284,0.0793168917298317
1528,0.019545171409845352,0.08257339149713516,0.021624770015478134,0.07812441140413284
1529,0.019719978794455528,0.08304674178361893,0.02213573455810547,0.07958905398845673
1530,0.020582960918545723,0.08490119874477386,0.0220643300563097,0.07968081533908844
1531,0.01903410255908966,0.08048996329307556,0.02173733524978161,0.07872442901134491
1532,0.019053462892770767,0.0810735747218132,0.02226543426513672,0.08068843185901642
1533,0.01961953565478325,0.08246155083179474,0.02259555272758007,0.08063007891178131
1534,0.01944083906710148,0.08216918259859085,0.02258763462305069,0.08086375147104263
1535,0.02073828876018524,0.08560719341039658,0.022312354296445847,0.07956133782863617
1536,0.020326286554336548,0.08473043143749237,0.022024638950824738,0.07867863774299622
1537,0.020853934809565544,0.08549776673316956,0.02195901982486248,0.07930745929479599
1538,0.020496249198913574,0.08469213545322418,0.023684844374656677,0.08544912189245224
1539,0.019980797544121742,0.08308330178260803,0.022244568914175034,0.07954946905374527
1540,0.01884438656270504,0.08038230240345001,0.022385086864233017,0.08326563984155655
1541,0.01932251825928688,0.08146613091230392,0.02164839580655098,0.07857915759086609
1542,0.01936207339167595,0.08175422251224518,0.021983057260513306,0.07993405312299728
1543,0.019961996003985405,0.08308177441358566,0.021688466891646385,0.0785292536020279
1544,0.020014284178614616,0.08342836052179337,0.022219281643629074,0.08201160281896591
1545,0.02066662162542343,0.08476623147726059,0.021943768486380577,0.07977443933486938
1546,0.02101733349263668,0.0855516865849495,0.022312114015221596,0.08183730393648148
1547,0.022228794172406197,0.08844918012619019,0.021672319620847702,0.08010547608137131
1548,0.020757870748639107,0.08494238555431366,0.022356178611516953,0.08325251936912537
1549,0.021709054708480835,0.08741231262683868,0.022022856399416924,0.07954958081245422
1550,0.021109972149133682,0.0866054818034172,0.021558472886681557,0.0789298340678215
1551,0.019487230107188225,0.08170159161090851,0.021548470482230186,0.07868529111146927
1552,0.020575599744915962,0.0845227837562561,0.02159924991428852,0.07849635928869247
1553,0.020695604383945465,0.08492004126310349,0.021869007498025894,0.08024067431688309
1554,0.01988423615694046,0.08247336745262146,0.021470755338668823,0.07763518393039703
1555,0.021071724593639374,0.08592845499515533,0.021607225760817528,0.07946223020553589
1556,0.02323274314403534,0.09117937833070755,0.022480778396129608,0.0808657705783844
1557,0.020631810650229454,0.0852789655327797,0.02184440568089485,0.08009707927703857
1558,0.02169628255069256,0.08716148883104324,0.021637843921780586,0.07953105121850967
1559,0.020299989730119705,0.08391329646110535,0.022242624312639236,0.08046973496675491
1560,0.020468130707740784,0.08382260799407959,0.02179647795855999,0.0787355899810791
1561,0.020371830090880394,0.08383720368146896,0.021631738170981407,0.0777781680226326
1562,0.020167917013168335,0.08344445377588272,0.022835196927189827,0.08204346895217896
1563,0.020724648609757423,0.08538650721311569,0.022001931443810463,0.08107803761959076
1564,0.020545033738017082,0.08477029949426651,0.021741366013884544,0.07939015328884125
1565,0.020557187497615814,0.0850820243358612,0.022870806977152824,0.0816618874669075
1566,0.019455624744296074,0.08208899199962616,0.021789992228150368,0.07927806675434113
1567,0.01948038674890995,0.08150313794612885,0.021763242781162262,0.08018402010202408
1568,0.020777201279997826,0.08523146063089371,0.02350635640323162,0.08501427620649338
1569,0.01878792978823185,0.08023552596569061,0.022700877860188484,0.08201877772808075
1570,0.019790420308709145,0.08271260559558868,0.021603308618068695,0.07772257924079895
1571,0.018807072192430496,0.08028349280357361,0.02284301072359085,0.0832282155752182
1572,0.01918606273829937,0.08115624636411667,0.02182282879948616,0.07948785275220871
1573,0.019448172301054,0.0816962793469429,0.021580634638667107,0.07830458879470825
1574,0.01974066160619259,0.08256479352712631,0.021423546597361565,0.07815717160701752
1575,0.01950692944228649,0.08201543986797333,0.021829431876540184,0.07804849743843079
1576,0.019574778154492378,0.08229449391365051,0.021482547745108604,0.07798290997743607
1577,0.0194773580878973,0.08215956389904022,0.02151266112923622,0.07790794223546982
1578,0.019440023228526115,0.08149872720241547,0.023153651505708694,0.0828576311469078
1579,0.019019130617380142,0.0804779902100563,0.021847128868103027,0.07939820736646652
1580,0.020242659375071526,0.08333483338356018,0.021966546773910522,0.07957318425178528
1581,0.02053706720471382,0.08488012850284576,0.022116363048553467,0.07945761829614639
1582,0.020487649366259575,0.08430816978216171,0.02265205979347229,0.08085818588733673
1583,0.02280464954674244,0.08963466435670853,0.021960677579045296,0.0796937495470047
1584,0.02169358916580677,0.08677922934293747,0.02220357395708561,0.08334141969680786
1585,0.020981961861252785,0.08498211950063705,0.0237239059060812,0.08963828533887863
1586,0.022641630843281746,0.08963119238615036,0.022357000038027763,0.08297915756702423
1587,0.02159317210316658,0.08747267723083496,0.02160852774977684,0.07897711545228958
1588,0.020508192479610443,0.08516745269298553,0.023016780614852905,0.08253821730613708
1589,0.019373789429664612,0.08200468868017197,0.023947305977344513,0.08912552893161774
1590,0.020939933136105537,0.08648540824651718,0.023082610219717026,0.08326826244592667
1591,0.018842557445168495,0.08087390661239624,0.02210928499698639,0.08308855444192886
1592,0.019717877730727196,0.08300378918647766,0.02231263741850853,0.08406821638345718
1593,0.0206231027841568,0.08549582958221436,0.0232929028570652,0.09059271216392517
1594,0.020443232730031013,0.08473619818687439,0.02266526408493519,0.08569758385419846
1595,0.021227417513728142,0.08722933381795883,0.02435486949980259,0.09331165999174118
1596,0.020140139386057854,0.08406990021467209,0.022509407252073288,0.08205287903547287
1597,0.019811347126960754,0.08248312771320343,0.021897723898291588,0.08147433400154114
1598,0.020258326083421707,0.08346929401159286,0.02371032163500786,0.09080683439970016
1599,0.021164117380976677,0.08729154616594315,0.023571187630295753,0.08631661534309387
1600,0.02070239931344986,0.08592311292886734,0.021523142233490944,0.07851592451334
1601,0.020663319155573845,0.0849907323718071,0.02215578593313694,0.0825263261795044
1602,0.019238747656345367,0.08129093796014786,0.021610526368021965,0.07938124984502792
1603,0.02021620236337185,0.08398474007844925,0.022011350840330124,0.08007846027612686
1604,0.021206097677350044,0.0860266461968422,0.021548904478549957,0.07787557691335678
1605,0.020843669772148132,0.08546000719070435,0.02140713855624199,0.07759532332420349
1606,0.021029524505138397,0.08539585769176483,0.021700941026210785,0.07913290709257126
1607,0.019329041242599487,0.08140707015991211,0.02180659957230091,0.07893636077642441
1608,0.020103657618165016,0.08366207033395767,0.02192637138068676,0.07900859415531158
1609,0.019192911684513092,0.08081263303756714,0.021688956767320633,0.07816340774297714
1610,0.019253255799412727,0.08094297349452972,0.022134190425276756,0.07996109873056412
1611,0.019042162224650383,0.08040603995323181,0.02137068472802639,0.07751443982124329
1612,0.01847902499139309,0.07895256578922272,0.021533962339162827,0.0791139155626297
1613,0.01867791824042797,0.07948555052280426,0.021618178114295006,0.07807479053735733
1614,0.020262354984879494,0.08372276276350021,0.02218070812523365,0.08208203315734863
1615,0.02052345499396324,0.08415398001670837,0.022079501301050186,0.07948876917362213
1616,0.01894572749733925,0.08020304888486862,0.022457176819443703,0.08196114003658295
1617,0.018608953803777695,0.07943792641162872,0.02244209125638008,0.0844050869345665
1618,0.01932702213525772,0.08151073753833771,0.022102423012256622,0.08366324007511139
1619,0.020166004076600075,0.08414380997419357,0.021468253806233406,0.07856478542089462
1620,0.019039608538150787,0.08091696351766586,0.022183023393154144,0.08216975629329681
1621,0.019393425434827805,0.08168801665306091,0.022270699962973595,0.0817297026515007
1622,0.01948970928788185,0.0815168246626854,0.021312478929758072,0.07731883972883224
1623,0.02013763040304184,0.08362570405006409,0.023160209879279137,0.08173522353172302
1624,0.019525548443198204,0.08202827721834183,0.022594301030039787,0.08336571604013443
1625,0.019986113533377647,0.08352991938591003,0.022527921944856644,0.08102159202098846
1626,0.019404467195272446,0.08216996490955353,0.02136886492371559,0.07755109667778015
1627,0.01850024424493313,0.0793709009885788,0.021823745220899582,0.07798589020967484
1628,0.01826283521950245,0.07879238575696945,0.0213155597448349,0.07717285305261612
1629,0.01866840571165085,0.07995320111513138,0.021258139982819557,0.07712064683437347
1630,0.018562108278274536,0.07951369881629944,0.02130207233130932,0.07682482898235321
1631,0.018428130075335503,0.07921700924634933,0.02175033465027809,0.07967509329319
1632,0.018590690568089485,0.07982119172811508,0.02229093387722969,0.07915394753217697
1633,0.018665125593543053,0.07974362373352051,0.022530432790517807,0.07999792695045471
1634,0.019365567713975906,0.08170958608388901,0.02210637368261814,0.07875572890043259
1635,0.021094730123877525,0.08617977052927017,0.02197541482746601,0.07845571637153625
1636,0.019077446311712265,0.08132633566856384,0.021329989656805992,0.07709261775016785
1637,0.01899024099111557,0.08115722984075546,0.021699272096157074,0.08047401905059814
1638,0.018599707633256912,0.07970508933067322,0.022572815418243408,0.08254683762788773
1639,0.018751615658402443,0.080192431807518,0.021868392825126648,0.0782291442155838
1640,0.018028106540441513,0.07807012647390366,0.02192147634923458,0.07864993810653687
1641,0.018591277301311493,0.07972446829080582,0.022075321525335312,0.07879111170768738
1642,0.019773244857788086,0.08325150609016418,0.02161216177046299,0.07754634320735931
1643,0.018586277961730957,0.08020476996898651,0.021521978080272675,0.07762414216995239
1644,0.018625643104314804,0.07953129708766937,0.023573411628603935,0.08217614889144897
1645,0.01989470236003399,0.08318544924259186,0.02356877736747265,0.08223232626914978
1646,0.018200606107711792,0.07865492254495621,0.021241748705506325,0.07771135866641998
1647,0.018530096858739853,0.0799388736486435,0.02165037952363491,0.07779866456985474
1648,0.01851154863834381,0.07934999465942383,0.02122187614440918,0.07692865282297134
1649,0.018167641013860703,0.07798711955547333,0.02221728302538395,0.07922995090484619
1650,0.01926293410360813,0.08097698539495468,0.021324897184967995,0.07811076194047928
1651,0.01882786862552166,0.08048215508460999,0.021169761195778847,0.07637736946344376
1652,0.018680967390537262,0.08024970442056656,0.021263448521494865,0.07688944786787033
1653,0.01874682493507862,0.08029516041278839,0.02140089124441147,0.0769072100520134
1654,0.01897621527314186,0.08102771639823914,0.0215440820902586,0.07872436940670013
1655,0.01931074820458889,0.08166803419589996,0.021475909277796745,0.0770149976015091
1656,0.019031567499041557,0.08094508945941925,0.021641379222273827,0.0775265246629715
1657,0.01916355825960636,0.08128207921981812,0.021367212757468224,0.07688182592391968
1658,0.019177930429577827,0.0811779573559761,0.021875979378819466,0.0817156583070755
1659,0.018057165667414665,0.07802098244428635,0.02132435329258442,0.07733557373285294
1660,0.018692830577492714,0.07989425957202911,0.02342427335679531,0.08218653500080109
1661,0.020732538774609566,0.08438993990421295,0.021747440099716187,0.07881060242652893
1662,0.018101206049323082,0.07788698375225067,0.021262679249048233,0.07712613791227341
1663,0.020385028794407845,0.08387252688407898,0.02356051467359066,0.08314763009548187
1664,0.018914876505732536,0.08076335489749908,0.022010400891304016,0.07893072068691254
1665,0.01983661949634552,0.0832214280962944,0.021280653774738312,0.07698394358158112
1666,0.01858704909682274,0.07941708713769913,0.022745998576283455,0.08058426529169083
1667,0.018301689997315407,0.07933121919631958,0.02238249033689499,0.07991757243871689
1668,0.018344491720199585,0.07942771911621094,0.022138111293315887,0.0788017213344574
1669,0.018803531304001808,0.08074557036161423,0.021432649344205856,0.07710622251033783
1670,0.018372219055891037,0.07968425750732422,0.021448154002428055,0.07738269865512848
1671,0.01910836435854435,0.08092015981674194,0.021443555131554604,0.0782213807106018
1672,0.018933527171611786,0.0814422145485878,0.02143227308988571,0.07780317217111588
1673,0.019068509340286255,0.08133512735366821,0.022665582597255707,0.08239421993494034
1674,0.018998175859451294,0.08096905052661896,0.02254118025302887,0.07981927692890167
1675,0.018888359889388084,0.08066873997449875,0.021382704377174377,0.07924225926399231
1676,0.01998957060277462,0.08420116454362869,0.02158498205244541,0.07766370475292206
1677,0.01986364834010601,0.08296845108270645,0.02167925424873829,0.07743287086486816
1678,0.019020594656467438,0.08090201765298843,0.021086644381284714,0.07653853297233582
1679,0.019912904128432274,0.08293348550796509,0.024194922298192978,0.08704864978790283
1680,0.020845908671617508,0.08537457138299942,0.022797074168920517,0.08483066409826279
1681,0.020584385842084885,0.0841807946562767,0.023094363510608673,0.08297914266586304
1682,0.020908396691083908,0.08491291850805283,0.021984988823533058,0.07990279048681259
1683,0.021088648587465286,0.08534643054008484,0.025583280250430107,0.0921831950545311
1684,0.022136248648166656,0.08760948479175568,0.02714749053120613,0.09833306819200516
1685,0.021985679864883423,0.08770903944969177,0.02120288275182247,0.07654648274183273
1686,0.024148864671587944,0.09336675703525543,0.029421858489513397,0.10670599341392517
1687,0.022534480318427086,0.08915626257658005,0.022895894944667816,0.08770209550857544
1688,0.02005906030535698,0.08349215984344482,0.021670538932085037,0.08211522549390793
1689,0.01885736733675003,0.07976672053337097,0.02152213640511036,0.07818394899368286
1690,0.020486271008849144,0.08360371738672256,0.021890690550208092,0.07975310832262039
1691,0.020769027993083,0.08443590253591537,0.021101953461766243,0.07680617272853851
1692,0.02033195272088051,0.0833335593342781,0.021692123264074326,0.07854145765304565
1693,0.02123331092298031,0.08597740530967712,0.021771052852272987,0.08106695860624313
1694,0.020671073347330093,0.08451545238494873,0.023108448833227158,0.08406013250350952
1695,0.020319757983088493,0.0838901698589325,0.022864313796162605,0.08863513171672821
1696,0.02098725363612175,0.08565717190504074,0.021643297746777534,0.07811485230922699
1697,0.020865943282842636,0.08503151684999466,0.021111901849508286,0.07793878763914108
1698,0.020197415724396706,0.08353951573371887,0.021304313093423843,0.07895997166633606
1699,0.019686361774802208,0.08231963217258453,0.02121361903846264,0.07768892496824265
1700,0.021078957244753838,0.08564527332782745,0.023319391533732414,0.08568769693374634
1701,0.019224420189857483,0.08072998374700546,0.02217727340757847,0.07974964380264282
1702,0.02175421454012394,0.08754781633615494,0.021503455936908722,0.07749763131141663
1703,0.020426003262400627,0.08377916365861893,0.02103017084300518,0.07691619545221329
1704,0.019393907859921455,0.08093268424272537,0.021181827411055565,0.07713600993156433
1705,0.02131110243499279,0.0865335538983345,0.022262366488575935,0.08001530915498734
1706,0.02390141598880291,0.0930633693933487,0.02227226085960865,0.0801079049706459
1707,0.02012750133872032,0.08447258174419403,0.024160299450159073,0.08867886662483215
1708,0.02099641039967537,0.08550619333982468,0.02113950252532959,0.0779036357998848
1709,0.020176095888018608,0.08404495567083359,0.02140156365931034,0.07701749354600906
1710,0.02023773081600666,0.08450727164745331,0.021491609513759613,0.07710505276918411
1711,0.021445028483867645,0.08808887004852295,0.022329187020659447,0.07934880256652832
1712,0.020084215328097343,0.0835220143198967,0.021758468821644783,0.07879787683486938
1713,0.02011665515601635,0.0838681310415268,0.02177709899842739,0.07810825854539871
1714,0.019318215548992157,0.08144471794366837,0.021641582250595093,0.07819661498069763
1715,0.021240010857582092,0.08632223308086395,0.02120324783027172,0.07647678256034851
1716,0.021348418667912483,0.08693243563175201,0.02139701321721077,0.07729879766702652
1717,0.01993446797132492,0.08321681618690491,0.024076292291283607,0.08569499850273132
1718,0.019131537526845932,0.08088984340429306,0.021818777546286583,0.07876734435558319
1719,0.019196312874555588,0.08123504370450974,0.021733075380325317,0.07776930928230286
1720,0.020988788455724716,0.08626478165388107,0.021585874259471893,0.07765886932611465
1721,0.01927812024950981,0.08139821141958237,0.021724754944443703,0.07824330031871796
1722,0.019725514575839043,0.08280020952224731,0.021499749273061752,0.07793035358190536
1723,0.019795404747128487,0.08301808685064316,0.021347155794501305,0.0767010822892189
1724,0.019734790548682213,0.08297710865736008,0.021305562928318977,0.07714062929153442
1725,0.019529452547430992,0.08238288015127182,0.021390577778220177,0.0798669084906578
1726,0.01925051026046276,0.08118486404418945,0.021283524110913277,0.07782376557588577
1727,0.019555192440748215,0.08211393654346466,0.021453192457556725,0.07837191969156265
1728,0.018636999651789665,0.07961791753768921,0.021998975425958633,0.08070322871208191
1729,0.019109489396214485,0.08109870553016663,0.021436523646116257,0.07765567302703857
1730,0.019229214638471603,0.0819408968091011,0.0212346613407135,0.0770038366317749
1731,0.01871427148580551,0.08037378638982773,0.020976455882191658,0.0762753039598465
1732,0.01833290047943592,0.0789780244231224,0.021698253229260445,0.08252569288015366
1733,0.01788066327571869,0.07792443037033081,0.02148507349193096,0.0808248519897461
1734,0.018436865881085396,0.07927325367927551,0.02140643633902073,0.08007099479436874
1735,0.01872277446091175,0.07980059087276459,0.02246297337114811,0.08476793766021729
1736,0.018634893000125885,0.07952141761779785,0.02155839279294014,0.08127262443304062
1737,0.018685227259993553,0.07973950356245041,0.02161487191915512,0.07846986502408981
1738,0.01976018399000168,0.0830502137541771,0.022275157272815704,0.07969004660844803
1739,0.020357878878712654,0.08515414595603943,0.021203404292464256,0.07750307768583298
1740,0.019330408424139023,0.0817963108420372,0.021868539974093437,0.07821040600538254
1741,0.02086012437939644,0.08577927201986313,0.021161362528800964,0.07656466960906982
1742,0.019486337900161743,0.08189944177865982,0.021903065964579582,0.08091028779745102
1743,0.01848643459379673,0.07931903749704361,0.02234639786183834,0.080336794257164
1744,0.018936051055788994,0.0809640884399414,0.02170470915734768,0.07908885180950165
1745,0.01869260147213936,0.07969442009925842,0.021626733243465424,0.08015485107898712
1746,0.018710503354668617,0.07989607751369476,0.02120356261730194,0.07771237194538116
1747,0.020167600363492966,0.08326922357082367,0.02193968929350376,0.08427710831165314
1748,0.020230043679475784,0.08345606923103333,0.021822577342391014,0.07907820492982864
1749,0.019237641245126724,0.08053924888372421,0.021148137748241425,0.07842105627059937
1750,0.02127114310860634,0.08683285117149353,0.021661125123500824,0.07779262214899063
1751,0.021595526486635208,0.08727377653121948,0.021266357973217964,0.07653602957725525
1752,0.019843781366944313,0.08308620750904083,0.02100498601794243,0.07604221254587173
1753,0.019026776775717735,0.08045689016580582,0.02180578000843525,0.07864031195640564
1754,0.019973505288362503,0.0834118127822876,0.021891504526138306,0.07878760993480682
1755,0.018838245421648026,0.08062691986560822,0.02117210254073143,0.07628139108419418
1756,0.01927296072244644,0.08225764334201813,0.021005267277359962,0.07588105648756027
1757,0.01866433024406433,0.08050738275051117,0.02116192877292633,0.07598698139190674
1758,0.01801430433988571,0.07812110334634781,0.020919524133205414,0.0753997415304184
1759,0.018925566226243973,0.08032629638910294,0.020951995626091957,0.07576140761375427
1760,0.018427735194563866,0.07913600653409958,0.020973997190594673,0.07549222558736801
1761,0.018696606159210205,0.08026924729347229,0.021361878141760826,0.07924849539995193
1762,0.01865312270820141,0.08040366321802139,0.02229478769004345,0.0857710987329483
1763,0.021376559510827065,0.08726060390472412,0.023313190788030624,0.08415226638317108
1764,0.019851982593536377,0.08364246785640717,0.02126338891685009,0.0790310725569725
1765,0.018199166283011436,0.07869403064250946,0.02141258306801319,0.07925207912921906
1766,0.01877238042652607,0.08053550124168396,0.022414708510041237,0.08621074259281158
1767,0.01812017895281315,0.07853932678699493,0.02114822342991829,0.07604414969682693
1768,0.01927572302520275,0.08103255927562714,0.0216656681150198,0.07808756828308105
1769,0.01937020942568779,0.08149364590644836,0.02092476561665535,0.07670683413743973
1770,0.020140813663601875,0.08421624451875687,0.022612635046243668,0.08838536590337753
1771,0.019085990265011787,0.08081569522619247,0.021419957280158997,0.0772620365023613
1772,0.020409666001796722,0.08368467539548874,0.02180067077279091,0.0829547569155693
1773,0.018468813970685005,0.07901149988174438,0.021252499893307686,0.07954864203929901
1774,0.02071922831237316,0.08497508615255356,0.022344030439853668,0.08520528674125671
1775,0.018562620505690575,0.07922456413507462,0.02286609634757042,0.088121198117733
1776,0.019082868471741676,0.08028522878885269,0.021701976656913757,0.08248193562030792
1777,0.01896001771092415,0.08007308840751648,0.02078399434685707,0.07655997574329376
1778,0.018554657697677612,0.07941541820764542,0.020782040432095528,0.07652033865451813
1779,0.018520334735512733,0.07949043065309525,0.022280877456068993,0.08288876712322235
1780,0.017951149493455887,0.07768817245960236,0.020934509113430977,0.07592198997735977
1781,0.018705297261476517,0.08013810217380524,0.02086060680449009,0.075589120388031
1782,0.019893303513526917,0.08359316736459732,0.02111528068780899,0.07611642777919769
1783,0.01859370991587639,0.07979902625083923,0.021426714956760406,0.0767500028014183
1784,0.018656635656952858,0.08020512014627457,0.02076268568634987,0.07521316409111023
1785,0.018173087388277054,0.07889967411756516,0.021103328093886375,0.07634049654006958
1786,0.018218733370304108,0.0792575404047966,0.0208706334233284,0.07579174637794495
1787,0.01920193061232567,0.08118889480829239,0.02088339254260063,0.07566311210393906
1788,0.01861039735376835,0.08007372915744781,0.020743733271956444,0.07535044848918915
1789,0.018879098817706108,0.08078382909297943,0.02250448428094387,0.07941646873950958
1790,0.01868070848286152,0.08043036609888077,0.0211990624666214,0.0766698494553566
1791,0.018432890996336937,0.0791497454047203,0.02134968712925911,0.07735183089971542
1792,0.018495798110961914,0.07918073982000351,0.021393436938524246,0.07707002013921738
1793,0.01870539039373398,0.07971275597810745,0.021169519051909447,0.07663276046514511
1794,0.01864192821085453,0.07939891517162323,0.022446921095252037,0.08170120418071747
1795,0.0188792422413826,0.07980478554964066,0.02113179676234722,0.07684284448623657
1796,0.019663088023662567,0.08185810595750809,0.021718494594097137,0.07869965583086014
1797,0.02019413374364376,0.08322945237159729,0.021222054958343506,0.07858534902334213
1798,0.019203277304768562,0.08096621185541153,0.02124725468456745,0.07770495116710663
1799,0.020287349820137024,0.08366110175848007,0.02099129743874073,0.07750246673822403
1800,0.019341157749295235,0.08118676394224167,0.020899159833788872,0.07690124213695526
1801,0.0193259809166193,0.0806630477309227,0.022208530455827713,0.08281093835830688
1802,0.01838577352464199,0.07822927832603455,0.022089550271630287,0.07988491654396057
1803,0.01910959556698799,0.08047639578580856,0.021073009818792343,0.07645513117313385
1804,0.018314309418201447,0.07860361039638519,0.02160256914794445,0.07766176015138626
1805,0.01884850300848484,0.08023731410503387,0.02074730023741722,0.07620425522327423
1806,0.021533606573939323,0.08667264878749847,0.02136341668665409,0.07957124710083008
1807,0.023464521393179893,0.09164804965257645,0.020724020898342133,0.07584454119205475
1808,0.0225960835814476,0.0883481428027153,0.020798714831471443,0.07573425024747849
1809,0.021313393488526344,0.08618094772100449,0.02135462872684002,0.07724861800670624
1810,0.023559071123600006,0.09119273722171783,0.02133522741496563,0.07742056250572205
1811,0.021492425352334976,0.08647714555263519,0.020802434533834457,0.07619284838438034
1812,0.022766510024666786,0.0897318497300148,0.021821603178977966,0.078245148062706
1813,0.02584599331021309,0.09593499451875687,0.02073356695473194,0.07528398185968399
1814,0.019321288913488388,0.0807434618473053,0.02157173492014408,0.07763740420341492
1815,0.019756348803639412,0.08217868953943253,0.020730232819914818,0.07512287050485611
1816,0.018994348123669624,0.07976660132408142,0.020981457084417343,0.0771804228425026
1817,0.020206434652209282,0.08283975720405579,0.0206671804189682,0.0751623809337616
1818,0.01990921050310135,0.08199045807123184,0.023069772869348526,0.08361782878637314
1819,0.019386878237128258,0.08120929449796677,0.020778071135282516,0.07577784359455109
1820,0.019049961119890213,0.08043041825294495,0.021207941696047783,0.07699772715568542
1821,0.022186055779457092,0.0879831314086914,0.022762887179851532,0.08133848011493683
1822,0.019911767914891243,0.08251364529132843,0.021432632580399513,0.07750726491212845
1823,0.020547781139612198,0.08412513136863708,0.020864218473434448,0.07581759244203568
1824,0.021023212000727654,0.08503704518079758,0.020879432559013367,0.07568647712469101
1825,0.02062295190989971,0.08451605588197708,0.02065066061913967,0.07524856925010681
1826,0.018967177718877792,0.08002503216266632,0.020906250923871994,0.07624924182891846
1827,0.01998845487833023,0.08237830549478531,0.02081894688308239,0.07674770057201385
1828,0.023518802598118782,0.09035170823335648,0.02086446061730385,0.07575427740812302
1829,0.020365292206406593,0.08333370834589005,0.0210711807012558,0.07715176790952682
1830,0.019501695409417152,0.08115163445472717,0.020996294915676117,0.07649563252925873
1831,0.019359424710273743,0.08104754239320755,0.02131681516766548,0.07697238028049469
1832,0.019533704966306686,0.0812888890504837,0.021196337416768074,0.07644752413034439
1833,0.020724402740597725,0.08464135229587555,0.022031143307685852,0.0793871060013771
1834,0.02138841152191162,0.08597108721733093,0.020687494426965714,0.07593509554862976
1835,0.022310970351099968,0.08856704831123352,0.021268058568239212,0.07701817154884338
1836,0.021664157509803772,0.08731728047132492,0.02285047434270382,0.08762415498495102
1837,0.01955774612724781,0.08138144761323929,0.02206897735595703,0.07881508022546768
1838,0.019601421430706978,0.08226848393678665,0.0206201933324337,0.07497130334377289
1839,0.019758444279432297,0.08267631381750107,0.02160768024623394,0.07854773104190826
1840,0.019151192158460617,0.08127225190401077,0.02090754546225071,0.07656440138816833
1841,0.018545765429735184,0.0793677493929863,0.021963821724057198,0.0797233134508133
1842,0.02019117958843708,0.08373568207025528,0.02276368997991085,0.08283337950706482
1843,0.01888723485171795,0.08046878129243851,0.022044841200113297,0.07933870702981949
1844,0.01869165524840355,0.07918660342693329,0.020669490098953247,0.07645290344953537
1845,0.018144382163882256,0.07825277000665665,0.02052844502031803,0.07500987499952316
1846,0.01868383027613163,0.07968728989362717,0.020971035584807396,0.0768369734287262
1847,0.018984073773026466,0.080279141664505,0.020702658221125603,0.07472028583288193
1848,0.01898692548274994,0.0804593563079834,0.020831268280744553,0.07532927393913269
1849,0.019551627337932587,0.08215439319610596,0.021750036627054214,0.08057800680398941
1850,0.02139957807958126,0.08707140386104584,0.023825250566005707,0.08352948725223541
1851,0.021347464993596077,0.0867367684841156,0.022982539609074593,0.0818120688199997
1852,0.01948009431362152,0.0816275030374527,0.020769676193594933,0.07650203257799149
1853,0.01934797130525112,0.08117607235908508,0.02095748670399189,0.0757666677236557
1854,0.02078992873430252,0.08535417169332504,0.021019719541072845,0.07601854205131531
1855,0.021172311156988144,0.08549065887928009,0.020978016778826714,0.0758759155869484
1856,0.02142532356083393,0.08609800785779953,0.02802315354347229,0.09414512664079666
1857,0.02016952633857727,0.08360329270362854,0.022579021751880646,0.08021276444196701
1858,0.019599733874201775,0.08271576464176178,0.02307971566915512,0.08108098059892654
1859,0.019952960312366486,0.08291681855916977,0.020867690443992615,0.07622981071472168
1860,0.01972050406038761,0.0829685628414154,0.020970186218619347,0.07642925530672073
1861,0.021747829392552376,0.0866382047533989,0.020535821095108986,0.07472177594900131
1862,0.0201577115803957,0.08292493969202042,0.021972639486193657,0.08174382150173187
1863,0.020540310069918633,0.08465655893087387,0.020873701199889183,0.0782289057970047
1864,0.0196919534355402,0.0820121243596077,0.02045876905322075,0.07445964217185974
1865,0.01983635313808918,0.08219145238399506,0.02059120312333107,0.07482375204563141
1866,0.020333055406808853,0.08329407870769501,0.02236066572368145,0.08113015443086624
1867,0.01939430832862854,0.08089786022901535,0.02122943103313446,0.07713612914085388
1868,0.018105842173099518,0.07811903953552246,0.021671481430530548,0.07911704480648041
1869,0.01906624063849449,0.08049759268760681,0.021610572934150696,0.07804037630558014
1870,0.019325820729136467,0.08161120861768723,0.02133845165371895,0.07796724140644073
1871,0.01888483390212059,0.08045949786901474,0.020803743973374367,0.07522863894701004
1872,0.018143871799111366,0.07823438197374344,0.0206528902053833,0.07572724670171738
1873,0.01771605759859085,0.07703327387571335,0.020779017359018326,0.07722208648920059
1874,0.018278639763593674,0.07895779609680176,0.021020473912358284,0.07664372771978378
1875,0.018361764028668404,0.07940290868282318,0.022301085293293,0.08033432811498642
1876,0.01828964613378048,0.07900099456310272,0.021054863929748535,0.07885043323040009
1877,0.01861455850303173,0.0791429728269577,0.023954512551426888,0.08610204607248306
1878,0.018889300525188446,0.08038383722305298,0.02085643634200096,0.07676658034324646
1879,0.01752634346485138,0.07627109438180923,0.020999746397137642,0.07758186757564545
1880,0.01787256821990013,0.07728032022714615,0.02330993115901947,0.08182889223098755
1881,0.01830778270959854,0.0785597637295723,0.020487742498517036,0.0751170665025711
1882,0.018255257979035378,0.07855769246816635,0.020970012992620468,0.07790803909301758
1883,0.018064958974719048,0.07828634977340698,0.022009020671248436,0.08280731737613678
1884,0.01773642748594284,0.07725057005882263,0.022491455078125,0.0830712839961052
1885,0.01748592220246792,0.07662274688482285,0.021176178008317947,0.07635986804962158
1886,0.017286203801631927,0.07571369409561157,0.021388329565525055,0.07773400843143463
1887,0.017447294667363167,0.07651255279779434,0.021475084125995636,0.08217040449380875
1888,0.018376808613538742,0.07970656454563141,0.02320117875933647,0.0897858738899231
1889,0.017471829429268837,0.076715849339962,0.02087513729929924,0.07860234379768372
1890,0.01742812804877758,0.07606833428144455,0.022264380007982254,0.08571189641952515
1891,0.019434306770563126,0.08203937113285065,0.02118997648358345,0.08052510023117065
1892,0.017407545819878578,0.07649590075016022,0.022526603192090988,0.08604931086301804
1893,0.018643392249941826,0.08018625527620316,0.023314813151955605,0.08963742852210999
1894,0.018025362864136696,0.07756359875202179,0.021371085196733475,0.08152087032794952
1895,0.01786188967525959,0.07734164595603943,0.021217798814177513,0.0789250060915947
1896,0.02025093324482441,0.08473378419876099,0.021088920533657074,0.07907065004110336
1897,0.01857614517211914,0.07942469418048859,0.02059713564813137,0.07507376372814178
1898,0.019497482106089592,0.08179551362991333,0.021745244041085243,0.07833193987607956
1899,0.01896776631474495,0.08037078380584717,0.020538683980703354,0.0748547911643982
1900,0.02182895503938198,0.08829130977392197,0.02463598921895027,0.08405308425426483
1901,0.01908186450600624,0.0813450813293457,0.020589925348758698,0.07489635050296783
1902,0.02001211792230606,0.08388765156269073,0.023031944409012794,0.0807114690542221
1903,0.01808168552815914,0.07816842943429947,0.021614311262965202,0.07717341929674149
1904,0.018098194152116776,0.0781189426779747,0.020341457799077034,0.07375749945640564
1905,0.017601827159523964,0.07652769982814789,0.020432138815522194,0.07468058913946152
1906,0.019674543291330338,0.08267463743686676,0.021073980256915092,0.0793115645647049
1907,0.017455628141760826,0.07659987360239029,0.020791510120034218,0.07781810313463211
1908,0.018366962671279907,0.07906429469585419,0.022539643570780754,0.08289264142513275
1909,0.017777888104319572,0.07747287303209305,0.02191004529595375,0.07892535626888275
1910,0.01753152720630169,0.07693476229906082,0.021281445398926735,0.08166345208883286
1911,0.01875177212059498,0.07955088466405869,0.021305261179804802,0.07831883430480957
1912,0.017795542255043983,0.07750868052244186,0.021607959643006325,0.07791032642126083
1913,0.018543154001235962,0.07944882661104202,0.020952483639121056,0.07593457400798798
1914,0.01877831481397152,0.0805191919207573,0.020827971398830414,0.07567701488733292
1915,0.01872030273079872,0.08021747320890427,0.0203670896589756,0.07403194159269333
1916,0.018251121044158936,0.07938310503959656,0.020670391619205475,0.07557743042707443
1917,0.018069898709654808,0.07871310412883759,0.020289184525609016,0.07459674030542374
1918,0.01972976140677929,0.08310379832983017,0.02102341502904892,0.07936584949493408
1919,0.019063713029026985,0.08083194494247437,0.023638349026441574,0.08653287589550018
1920,0.019685152918100357,0.08176030963659286,0.021050436422228813,0.07934080809354782
1921,0.019390681758522987,0.0816749632358551,0.021626116707921028,0.07784076780080795
1922,0.017495322972536087,0.07636060565710068,0.023117322474718094,0.08332671225070953
1923,0.0173077080398798,0.07564958184957504,0.021610666066408157,0.07932531088590622
1924,0.018379168584942818,0.07839977741241455,0.020584793761372566,0.075565867125988
1925,0.01899177022278309,0.08056608587503433,0.022865045815706253,0.08671609312295914
1926,0.019516833126544952,0.08176020532846451,0.0203146580606699,0.07415583729743958
1927,0.019836192950606346,0.08256150782108307,0.02123304270207882,0.07618686556816101
1928,0.0200961921364069,0.08378641307353973,0.02066386491060257,0.07634902745485306
1929,0.018899351358413696,0.080144003033638,0.021567074581980705,0.08208329975605011
1930,0.01970922015607357,0.08308369666337967,0.02068650908768177,0.07665683329105377
1931,0.018848977982997894,0.0808161199092865,0.021059291437268257,0.07587287575006485
1932,0.02024218812584877,0.0844646543264389,0.02027708850800991,0.07353853434324265
1933,0.018270215019583702,0.07931583374738693,0.02071039192378521,0.0750340148806572
1934,0.018001805990934372,0.07881737500429153,0.021205272525548935,0.07918312400579453
1935,0.019774679094552994,0.08313707262277603,0.02192912995815277,0.08070210367441177
1936,0.020701782777905464,0.08526039868593216,0.021986590698361397,0.08559494465589523
1937,0.019231779500842094,0.08136137574911118,0.02346392720937729,0.0866173580288887
1938,0.018910616636276245,0.08026690781116486,0.020622283220291138,0.07633465528488159
1939,0.018406180664896965,0.0791640356183052,0.020662207156419754,0.07795530557632446
1940,0.019161878153681755,0.08157780021429062,0.022916406393051147,0.08236628025770187
1941,0.019015099853277206,0.08079487085342407,0.02259192429482937,0.08167843520641327
1942,0.018235070630908012,0.07864371687173843,0.02228599227964878,0.08107154816389084
1943,0.018360592424869537,0.07906882464885712,0.021139787510037422,0.08086355775594711
1944,0.01838996633887291,0.07891038805246353,0.02116316370666027,0.08084075152873993
1945,0.020034851506352425,0.0834767073392868,0.02026490680873394,0.07396398484706879
1946,0.01849396899342537,0.07976609468460083,0.021206537261605263,0.07746381312608719
1947,0.018523989245295525,0.07936615496873856,0.022523725405335426,0.0889325886964798
1948,0.017834976315498352,0.07728733122348785,0.02087400294840336,0.07912424206733704
1949,0.01833280548453331,0.07921963185071945,0.021184630692005157,0.0799817219376564
1950,0.01823183335363865,0.07929284870624542,0.020302789285779,0.0739823430776596
1951,0.01855306327342987,0.07987135648727417,0.020807109773159027,0.07556810975074768
1952,0.0198427215218544,0.0829116627573967,0.02034655213356018,0.07460740953683853
1953,0.018495673313736916,0.07970768213272095,0.02025510184466839,0.07395108789205551
1954,0.018241673707962036,0.07902240008115768,0.020240725949406624,0.07396560162305832
1955,0.018228555098176003,0.07864738255739212,0.021477695554494858,0.07797322422266006
1956,0.017829950898885727,0.07731714844703674,0.02027488872408867,0.07418632507324219
1957,0.01914682425558567,0.0808473601937294,0.02157977968454361,0.0778978019952774
1958,0.019452014937996864,0.08136504888534546,0.02031838893890381,0.0741814449429512
1959,0.019592812284827232,0.08271271735429764,0.020542196929454803,0.07543274015188217
1960,0.01789582334458828,0.07769852131605148,0.02034580707550049,0.07432616502046585
1961,0.01760757528245449,0.07712413370609283,0.02049434930086136,0.07396199554204941
1962,0.01775866001844406,0.07733485102653503,0.021401111036539078,0.07683588564395905
1963,0.017931267619132996,0.07901488989591599,0.0203248281031847,0.07381422072649002
1964,0.01768341101706028,0.07734205573797226,0.02200203947722912,0.07901245355606079
1965,0.01752571389079094,0.07691437005996704,0.020997455343604088,0.07978052645921707
1966,0.0172270555049181,0.07593689858913422,0.020611386746168137,0.07744389027357101
1967,0.017622649669647217,0.07681044191122055,0.021066604182124138,0.08063705265522003
1968,0.01838577911257744,0.07897717505693436,0.021349329501390457,0.0765848234295845
1969,0.018042026087641716,0.07836727052927017,0.020191408693790436,0.07332102209329605
1970,0.017322823405265808,0.07587660104036331,0.020586539059877396,0.07629606127738953
1971,0.017592957243323326,0.07670959830284119,0.02053135260939598,0.07567328214645386
1972,0.018841611221432686,0.08021453768014908,0.021048352122306824,0.07616636157035828
1973,0.017693500965833664,0.07676251977682114,0.020294658839702606,0.07381279766559601
1974,0.017852727323770523,0.07716971635818481,0.02025466598570347,0.07400942593812943
1975,0.017979051917791367,0.0780274048447609,0.02031000703573227,0.07380929589271545
1976,0.01786714978516102,0.0775722935795784,0.021378198638558388,0.07770761102437973
1977,0.018691638484597206,0.07920888066291809,0.020237404853105545,0.07354797422885895
1978,0.018612908199429512,0.07898801565170288,0.020433003082871437,0.07492457330226898
1979,0.017195096239447594,0.07529841363430023,0.020595181733369827,0.07471136003732681
1980,0.01733039692044258,0.07579612731933594,0.020274663344025612,0.0742231234908104
1981,0.01708560809493065,0.0756797194480896,0.020186569541692734,0.07336622476577759
1982,0.01689956896007061,0.07453883439302444,0.02081458456814289,0.07501471042633057
1983,0.01812819018959999,0.0780041441321373,0.020899565890431404,0.07549185305833817
1984,0.017273731529712677,0.07569927722215652,0.021717092022299767,0.07727839052677155
1985,0.01775430515408516,0.0769837498664856,0.020628901198506355,0.0742567926645279
1986,0.01723550632596016,0.07557399570941925,0.020531965419650078,0.07513008266687393
1987,0.017221599817276,0.0758475512266159,0.020463209599256516,0.07452772557735443
1988,0.017649933695793152,0.07676195353269577,0.020580753684043884,0.07450680434703827
1989,0.017819436267018318,0.07741211354732513,0.021079227328300476,0.07581520080566406
1990,0.017289279028773308,0.07587013393640518,0.020048074424266815,0.07378270477056503
1991,0.017614731565117836,0.07669801265001297,0.020261989906430244,0.07524154335260391
1992,0.01819968968629837,0.07881547510623932,0.020261986181139946,0.07374494522809982
1993,0.017260370776057243,0.07625315338373184,0.020458083599805832,0.07674048840999603
1994,0.017590636387467384,0.07686316967010498,0.020579535514116287,0.07641403377056122
1995,0.017763009294867516,0.07783274352550507,0.020534060895442963,0.07498081028461456
1996,0.018425870686769485,0.0803392231464386,0.020216740667819977,0.07344860583543777
1997,0.01973286271095276,0.08322005718946457,0.020457375794649124,0.07430889457464218
1998,0.02008180320262909,0.08361873030662537,0.021165598183870316,0.07960125058889389
1999,0.019539164379239082,0.08186965435743332,0.0206674262881279,0.07675173133611679
